sampleID	forwardReads	reverseReads	run	name	sample_alias	worm_strain	sampling_event	replicate	sampling_time_(h)	scientific_name	worm_number	worm_stage	CFU/ml	environmental package	isolated from
s001	/work_ifs/sukmb447/raw.sequencing.data/c_elegans_micro_dyn_p2/E007402_10_S10_L001_R1_001.fastq.gz	/work_ifs/sukmb447/raw.sequencing.data/c_elegans_micro_dyn_p2/E007402_10_S10_L001_R2_001.fastq.gz	A	E007402_10	4.06	NA	4	6	66	NA	NA	NA	34666666666.6667	CeMbio(46)	bacterial lawn (NGM plate)
s002	/work_ifs/sukmb447/raw.sequencing.data/c_elegans_micro_dyn_p2/E007402_11_S11_L001_R1_001.fastq.gz	/work_ifs/sukmb447/raw.sequencing.data/c_elegans_micro_dyn_p2/E007402_11_S11_L001_R2_001.fastq.gz	A	E007402_11	4.10.W	DH26	4	10	66	C. elegans	100	Ad2	7656000	host associated CeMbio(46)	C. elegans
s003	/work_ifs/sukmb447/raw.sequencing.data/c_elegans_micro_dyn_p2/E007402_12_S12_L001_R1_001.fastq.gz	/work_ifs/sukmb447/raw.sequencing.data/c_elegans_micro_dyn_p2/E007402_12_S12_L001_R2_001.fastq.gz	A	E007402_12	5.16	NA	5	16	90	NA	NA	NA	NA	CeMbio(46)	bacterial lawn (NGM plate)
s004	/work_ifs/sukmb447/raw.sequencing.data/c_elegans_micro_dyn_p2/E007402_13_S13_L001_R1_001.fastq.gz	/work_ifs/sukmb447/raw.sequencing.data/c_elegans_micro_dyn_p2/E007402_13_S13_L001_R2_001.fastq.gz	A	E007402_13	2.20.W	DH26	2	20	16	C. elegans	6	L4	NA	host associated CeMbio(46)	C. elegans
s005	/work_ifs/sukmb447/raw.sequencing.data/c_elegans_micro_dyn_p2/E007402_14_S14_L001_R1_001.fastq.gz	/work_ifs/sukmb447/raw.sequencing.data/c_elegans_micro_dyn_p2/E007402_14_S14_L001_R2_001.fastq.gz	A	E007402_14	0.2	NA	0	2	0	NA	NA	NA	NA	CeMbio(46)	liquid culture
s006	/work_ifs/sukmb447/raw.sequencing.data/c_elegans_micro_dyn_p2/E007402_15_S15_L001_R1_001.fastq.gz	/work_ifs/sukmb447/raw.sequencing.data/c_elegans_micro_dyn_p2/E007402_15_S15_L001_R2_001.fastq.gz	A	E007402_15	1.7	NA	1	7	2	NA	NA	NA	NA	CeMbio(46)	bacterial lawn (NGM plate)
s007	/work_ifs/sukmb447/raw.sequencing.data/c_elegans_micro_dyn_p2/E007402_16_S16_L001_R1_001.fastq.gz	/work_ifs/sukmb447/raw.sequencing.data/c_elegans_micro_dyn_p2/E007402_16_S16_L001_R2_001.fastq.gz	A	E007402_16	2.04	NA	2	4	16	NA	NA	NA	NA	CeMbio(46)	bacterial lawn (NGM plate)
s008	/work_ifs/sukmb447/raw.sequencing.data/c_elegans_micro_dyn_p2/E007402_17_S17_L001_R1_001.fastq.gz	/work_ifs/sukmb447/raw.sequencing.data/c_elegans_micro_dyn_p2/E007402_17_S17_L001_R2_001.fastq.gz	A	E007402_17	5.11	NA	5	11	90	NA	NA	NA	NA	CeMbio(46)	bacterial lawn (NGM plate)
s009	/work_ifs/sukmb447/raw.sequencing.data/c_elegans_micro_dyn_p2/E007402_18_S18_L001_R1_001.fastq.gz	/work_ifs/sukmb447/raw.sequencing.data/c_elegans_micro_dyn_p2/E007402_18_S18_L001_R2_001.fastq.gz	A	E007402_18	2.15.W	DH26	2	15	16	C. elegans	25	L4	NA	host associated CeMbio(46)	C. elegans
s010	/work_ifs/sukmb447/raw.sequencing.data/c_elegans_micro_dyn_p2/E007402_19_S19_L001_R1_001.fastq.gz	/work_ifs/sukmb447/raw.sequencing.data/c_elegans_micro_dyn_p2/E007402_19_S19_L001_R2_001.fastq.gz	A	E007402_19	3.06.W	DH26	3	6	42	C. elegans	70	L4/Ad1	NA	host associated CeMbio(46)	C. elegans
s011	/work_ifs/sukmb447/raw.sequencing.data/c_elegans_micro_dyn_p2/E007402_1_S1_L001_R1_001.fastq.gz	/work_ifs/sukmb447/raw.sequencing.data/c_elegans_micro_dyn_p2/E007402_1_S1_L001_R2_001.fastq.gz	A	E007402_1	2.20	NA	2	20	16	NA	NA	NA	NA	CeMbio(46)	bacterial lawn (NGM plate)
s012	/work_ifs/sukmb447/raw.sequencing.data/c_elegans_micro_dyn_p2/E007402_20_S20_L001_R1_001.fastq.gz	/work_ifs/sukmb447/raw.sequencing.data/c_elegans_micro_dyn_p2/E007402_20_S20_L001_R2_001.fastq.gz	A	E007402_20	3.15.W	DH26	3	15	42	C. elegans	70	L4/Ad1	NA	host associated CeMbio(46)	C. elegans
s013	/work_ifs/sukmb447/raw.sequencing.data/c_elegans_micro_dyn_p2/E007402_21_S21_L001_R1_001.fastq.gz	/work_ifs/sukmb447/raw.sequencing.data/c_elegans_micro_dyn_p2/E007402_21_S21_L001_R2_001.fastq.gz	A	E007402_21	mock -1_1	NA	NA	NA	NA	Mock community	NA	NA	NA	Zymo mock community	liquid culture
s014	/work_ifs/sukmb447/raw.sequencing.data/c_elegans_micro_dyn_p2/E007402_22_S22_L001_R1_001.fastq.gz	/work_ifs/sukmb447/raw.sequencing.data/c_elegans_micro_dyn_p2/E007402_22_S22_L001_R2_001.fastq.gz	A	E007402_22	4.06.W	DH26	4	6	66	C. elegans	100	Ad2	25240384.6153846	host associated CeMbio(46)	C. elegans
s015	/work_ifs/sukmb447/raw.sequencing.data/c_elegans_micro_dyn_p2/E007402_23_S23_L001_R1_001.fastq.gz	/work_ifs/sukmb447/raw.sequencing.data/c_elegans_micro_dyn_p2/E007402_23_S23_L001_R2_001.fastq.gz	A	E007402_23	4.11	NA	4	11	66	NA	NA	NA	20400000000	CeMbio(46)	bacterial lawn (NGM plate)
s016	/work_ifs/sukmb447/raw.sequencing.data/c_elegans_micro_dyn_p2/E007402_24_S24_L001_R1_001.fastq.gz	/work_ifs/sukmb447/raw.sequencing.data/c_elegans_micro_dyn_p2/E007402_24_S24_L001_R2_001.fastq.gz	A	E007402_24	5.16.W	DH26	5	16	90	C. elegans	70	Ad3	NA	host associated CeMbio(46)	C. elegans
s017	/work_ifs/sukmb447/raw.sequencing.data/c_elegans_micro_dyn_p2/E007402_25_S25_L001_R1_001.fastq.gz	/work_ifs/sukmb447/raw.sequencing.data/c_elegans_micro_dyn_p2/E007402_25_S25_L001_R2_001.fastq.gz	A	E007402_25	2.21	NA	2	21	16	NA	NA	NA	NA	CeMbio(46)	bacterial lawn (NGM plate)
s018	/work_ifs/sukmb447/raw.sequencing.data/c_elegans_micro_dyn_p2/E007402_26_S26_L001_R1_001.fastq.gz	/work_ifs/sukmb447/raw.sequencing.data/c_elegans_micro_dyn_p2/E007402_26_S26_L001_R2_001.fastq.gz	A	E007402_26	0.3	NA	0	3	0	NA	NA	NA	NA	CeMbio(46)	liquid culture
s019	/work_ifs/sukmb447/raw.sequencing.data/c_elegans_micro_dyn_p2/E007402_27_S27_L001_R1_001.fastq.gz	/work_ifs/sukmb447/raw.sequencing.data/c_elegans_micro_dyn_p2/E007402_27_S27_L001_R2_001.fastq.gz	A	E007402_27	1.8	NA	1	8	2	NA	NA	NA	NA	CeMbio(46)	bacterial lawn (NGM plate)
s020	/work_ifs/sukmb447/raw.sequencing.data/c_elegans_micro_dyn_p2/E007402_28_S28_L001_R1_001.fastq.gz	/work_ifs/sukmb447/raw.sequencing.data/c_elegans_micro_dyn_p2/E007402_28_S28_L001_R2_001.fastq.gz	A	E007402_28	2.05	NA	2	5	16	NA	NA	NA	NA	CeMbio(46)	bacterial lawn (NGM plate)
s021	/work_ifs/sukmb447/raw.sequencing.data/c_elegans_micro_dyn_p2/E007402_29_S29_L001_R1_001.fastq.gz	/work_ifs/sukmb447/raw.sequencing.data/c_elegans_micro_dyn_p2/E007402_29_S29_L001_R2_001.fastq.gz	A	E007402_29	5.12	NA	5	12	90	NA	NA	NA	NA	CeMbio(46)	bacterial lawn (NGM plate)
s022	/work_ifs/sukmb447/raw.sequencing.data/c_elegans_micro_dyn_p2/E007402_2_S2_L001_R1_001.fastq.gz	/work_ifs/sukmb447/raw.sequencing.data/c_elegans_micro_dyn_p2/E007402_2_S2_L001_R2_001.fastq.gz	A	E007402_2	0.1	NA	0	1	0	NA	NA	NA	NA	CeMbio(46)	liquid culture
s023	/work_ifs/sukmb447/raw.sequencing.data/c_elegans_micro_dyn_p2/E007402_30_S30_L001_R1_001.fastq.gz	/work_ifs/sukmb447/raw.sequencing.data/c_elegans_micro_dyn_p2/E007402_30_S30_L001_R2_001.fastq.gz	A	E007402_30	2.16	NA	2	16	16	NA	NA	NA	NA	CeMbio(46)	bacterial lawn (NGM plate)
s024	/work_ifs/sukmb447/raw.sequencing.data/c_elegans_micro_dyn_p2/E007402_31_S31_L001_R1_001.fastq.gz	/work_ifs/sukmb447/raw.sequencing.data/c_elegans_micro_dyn_p2/E007402_31_S31_L001_R2_001.fastq.gz	A	E007402_31	3.09	NA	3	9	42	NA	NA	NA	13333333333.3333	CeMbio(46)	bacterial lawn (NGM plate)
s025	/work_ifs/sukmb447/raw.sequencing.data/c_elegans_micro_dyn_p2/E007402_32_S32_L001_R1_001.fastq.gz	/work_ifs/sukmb447/raw.sequencing.data/c_elegans_micro_dyn_p2/E007402_32_S32_L001_R2_001.fastq.gz	A	E007402_32	3.16	NA	3	16	42	NA	NA	NA	18750000000	CeMbio(46)	bacterial lawn (NGM plate)
s026	/work_ifs/sukmb447/raw.sequencing.data/c_elegans_micro_dyn_p2/E007402_33_S33_L001_R1_001.fastq.gz	/work_ifs/sukmb447/raw.sequencing.data/c_elegans_micro_dyn_p2/E007402_33_S33_L001_R2_001.fastq.gz	A	E007402_33	mock -2_1	NA	NA	NA	NA	Mock community	NA	NA	NA	Zymo mock community	liquid culture
s027	/work_ifs/sukmb447/raw.sequencing.data/c_elegans_micro_dyn_p2/E007402_34_S34_L001_R1_001.fastq.gz	/work_ifs/sukmb447/raw.sequencing.data/c_elegans_micro_dyn_p2/E007402_34_S34_L001_R2_001.fastq.gz	A	E007402_34	4.07	NA	4	7	66	NA	NA	NA	NA	CeMbio(46)	bacterial lawn (NGM plate)
s028	/work_ifs/sukmb447/raw.sequencing.data/c_elegans_micro_dyn_p2/E007402_35_S35_L001_R1_001.fastq.gz	/work_ifs/sukmb447/raw.sequencing.data/c_elegans_micro_dyn_p2/E007402_35_S35_L001_R2_001.fastq.gz	A	E007402_35	4.12	NA	4	12	66	NA	NA	NA	17733333333.3333	CeMbio(46)	bacterial lawn (NGM plate)
s029	/work_ifs/sukmb447/raw.sequencing.data/c_elegans_micro_dyn_p2/E007402_36_S36_L001_R1_001.fastq.gz	/work_ifs/sukmb447/raw.sequencing.data/c_elegans_micro_dyn_p2/E007402_36_S36_L001_R2_001.fastq.gz	A	E007402_36	5.17	NA	5	17	90	NA	NA	NA	NA	CeMbio(46)	bacterial lawn (NGM plate)
s030	/work_ifs/sukmb447/raw.sequencing.data/c_elegans_micro_dyn_p2/E007402_37_S37_L001_R1_001.fastq.gz	/work_ifs/sukmb447/raw.sequencing.data/c_elegans_micro_dyn_p2/E007402_37_S37_L001_R2_001.fastq.gz	A	E007402_37	2.21.W	DH26	2	21	16	C. elegans	17	L4	NA	host associated CeMbio(46)	C. elegans
s031	/work_ifs/sukmb447/raw.sequencing.data/c_elegans_micro_dyn_p2/E007402_38_S38_L001_R1_001.fastq.gz	/work_ifs/sukmb447/raw.sequencing.data/c_elegans_micro_dyn_p2/E007402_38_S38_L001_R2_001.fastq.gz	A	E007402_38	1.1	NA	1	1	2	NA	NA	NA	NA	CeMbio(46)	bacterial lawn (NGM plate)
s032	/work_ifs/sukmb447/raw.sequencing.data/c_elegans_micro_dyn_p2/E007402_39_S39_L001_R1_001.fastq.gz	/work_ifs/sukmb447/raw.sequencing.data/c_elegans_micro_dyn_p2/E007402_39_S39_L001_R2_001.fastq.gz	A	E007402_39	1.9	NA	1	9	2	NA	NA	NA	NA	CeMbio(46)	bacterial lawn (NGM plate)
s033	/work_ifs/sukmb447/raw.sequencing.data/c_elegans_micro_dyn_p2/E007402_3_S3_L001_R1_001.fastq.gz	/work_ifs/sukmb447/raw.sequencing.data/c_elegans_micro_dyn_p2/E007402_3_S3_L001_R2_001.fastq.gz	A	E007402_3	1.6	NA	1	6	2	NA	NA	NA	NA	CeMbio(46)	bacterial lawn (NGM plate)
s034	/work_ifs/sukmb447/raw.sequencing.data/c_elegans_micro_dyn_p2/E007402_40_S40_L001_R1_001.fastq.gz	/work_ifs/sukmb447/raw.sequencing.data/c_elegans_micro_dyn_p2/E007402_40_S40_L001_R2_001.fastq.gz	A	E007402_40	2.06	NA	2	6	16	NA	NA	NA	NA	CeMbio(46)	bacterial lawn (NGM plate)
s035	/work_ifs/sukmb447/raw.sequencing.data/c_elegans_micro_dyn_p2/E007402_41_S41_L001_R1_001.fastq.gz	/work_ifs/sukmb447/raw.sequencing.data/c_elegans_micro_dyn_p2/E007402_41_S41_L001_R2_001.fastq.gz	A	E007402_41	5.12.W	DH26	5	12	90	C. elegans	70	Ad3	NA	host associated CeMbio(46)	C. elegans
s036	/work_ifs/sukmb447/raw.sequencing.data/c_elegans_micro_dyn_p2/E007402_42_S42_L001_R1_001.fastq.gz	/work_ifs/sukmb447/raw.sequencing.data/c_elegans_micro_dyn_p2/E007402_42_S42_L001_R2_001.fastq.gz	A	E007402_42	2.16.W	DH26	2	16	16	C. elegans	20	L4	NA	host associated CeMbio(46)	C. elegans
s037	/work_ifs/sukmb447/raw.sequencing.data/c_elegans_micro_dyn_p2/E007402_43_S43_L001_R1_001.fastq.gz	/work_ifs/sukmb447/raw.sequencing.data/c_elegans_micro_dyn_p2/E007402_43_S43_L001_R2_001.fastq.gz	A	E007402_43	3.09.W	DH26	3	9	42	C. elegans	70	L4/Ad1	NA	host associated CeMbio(46)	C. elegans
s038	/work_ifs/sukmb447/raw.sequencing.data/c_elegans_micro_dyn_p2/E007402_44_S44_L001_R1_001.fastq.gz	/work_ifs/sukmb447/raw.sequencing.data/c_elegans_micro_dyn_p2/E007402_44_S44_L001_R2_001.fastq.gz	A	E007402_44	NTC_1_1	NA	NA	NA	NA	NA	NA	NA	NA	non template control	NA
s039	/work_ifs/sukmb447/raw.sequencing.data/c_elegans_micro_dyn_p2/E007402_45_S45_L001_R1_001.fastq.gz	/work_ifs/sukmb447/raw.sequencing.data/c_elegans_micro_dyn_p2/E007402_45_S45_L001_R2_001.fastq.gz	A	E007402_45	mock -3_1	NA	NA	NA	NA	Mock community	NA	NA	NA	Zymo mock community	liquid culture
s040	/work_ifs/sukmb447/raw.sequencing.data/c_elegans_micro_dyn_p2/E007402_46_S46_L001_R1_001.fastq.gz	/work_ifs/sukmb447/raw.sequencing.data/c_elegans_micro_dyn_p2/E007402_46_S46_L001_R2_001.fastq.gz	A	E007402_46	4.07.W	DH26	4	7	66	C. elegans	100	Ad2	334200	host associated CeMbio(46)	C. elegans
s041	/work_ifs/sukmb447/raw.sequencing.data/c_elegans_micro_dyn_p2/E007402_47_S47_L001_R1_001.fastq.gz	/work_ifs/sukmb447/raw.sequencing.data/c_elegans_micro_dyn_p2/E007402_47_S47_L001_R2_001.fastq.gz	A	E007402_47	4.12.W	DH26	4	12	66	C. elegans	100	Ad2	10368000	host associated CeMbio(46)	C. elegans
s042	/work_ifs/sukmb447/raw.sequencing.data/c_elegans_micro_dyn_p2/E007402_48_S48_L001_R1_001.fastq.gz	/work_ifs/sukmb447/raw.sequencing.data/c_elegans_micro_dyn_p2/E007402_48_S48_L001_R2_001.fastq.gz	A	E007402_48	5.17.W	DH26	5	17	90	C. elegans	70	Ad3	NA	host associated CeMbio(46)	C. elegans
s043	/work_ifs/sukmb447/raw.sequencing.data/c_elegans_micro_dyn_p2/E007402_49_S49_L001_R1_001.fastq.gz	/work_ifs/sukmb447/raw.sequencing.data/c_elegans_micro_dyn_p2/E007402_49_S49_L001_R2_001.fastq.gz	A	E007402_49	NTC_1_2	NA	NA	NA	NA	NA	NA	NA	NA	non template control	NA
s044	/work_ifs/sukmb447/raw.sequencing.data/c_elegans_micro_dyn_p2/E007402_4_S4_L001_R1_001.fastq.gz	/work_ifs/sukmb447/raw.sequencing.data/c_elegans_micro_dyn_p2/E007402_4_S4_L001_R2_001.fastq.gz	A	E007402_4	2.03.W	DH26	2	3	16	C. elegans	15	L4	NA	host associated CeMbio(46)	C. elegans
s045	/work_ifs/sukmb447/raw.sequencing.data/c_elegans_micro_dyn_p2/E007402_50_S50_L001_R1_001.fastq.gz	/work_ifs/sukmb447/raw.sequencing.data/c_elegans_micro_dyn_p2/E007402_50_S50_L001_R2_001.fastq.gz	A	E007402_50	1.2	NA	1	2	2	NA	NA	NA	NA	CeMbio(46)	bacterial lawn (NGM plate)
s046	/work_ifs/sukmb447/raw.sequencing.data/c_elegans_micro_dyn_p2/E007402_51_S51_L001_R1_001.fastq.gz	/work_ifs/sukmb447/raw.sequencing.data/c_elegans_micro_dyn_p2/E007402_51_S51_L001_R2_001.fastq.gz	A	E007402_51	1.10	NA	1	10	2	NA	NA	NA	NA	CeMbio(46)	bacterial lawn (NGM plate)
s047	/work_ifs/sukmb447/raw.sequencing.data/c_elegans_micro_dyn_p2/E007402_52_S52_L001_R1_001.fastq.gz	/work_ifs/sukmb447/raw.sequencing.data/c_elegans_micro_dyn_p2/E007402_52_S52_L001_R2_001.fastq.gz	A	E007402_52	2.07	NA	2	7	16	NA	NA	NA	NA	CeMbio(46)	bacterial lawn (NGM plate)
s048	/work_ifs/sukmb447/raw.sequencing.data/c_elegans_micro_dyn_p2/E007402_53_S53_L001_R1_001.fastq.gz	/work_ifs/sukmb447/raw.sequencing.data/c_elegans_micro_dyn_p2/E007402_53_S53_L001_R2_001.fastq.gz	A	E007402_53	5.13	NA	5	13	90	NA	NA	NA	NA	CeMbio(46)	bacterial lawn (NGM plate)
s049	/work_ifs/sukmb447/raw.sequencing.data/c_elegans_micro_dyn_p2/E007402_54_S54_L001_R1_001.fastq.gz	/work_ifs/sukmb447/raw.sequencing.data/c_elegans_micro_dyn_p2/E007402_54_S54_L001_R2_001.fastq.gz	A	E007402_54	2.17	NA	2	17	16	NA	NA	NA	NA	CeMbio(46)	bacterial lawn (NGM plate)
s050	/work_ifs/sukmb447/raw.sequencing.data/c_elegans_micro_dyn_p2/E007402_55_S55_L001_R1_001.fastq.gz	/work_ifs/sukmb447/raw.sequencing.data/c_elegans_micro_dyn_p2/E007402_55_S55_L001_R2_001.fastq.gz	A	E007402_55	3.10	NA	3	10	42	NA	NA	NA	NA	CeMbio(46)	bacterial lawn (NGM plate)
s051	/work_ifs/sukmb447/raw.sequencing.data/c_elegans_micro_dyn_p2/E007402_56_S56_L001_R1_001.fastq.gz	/work_ifs/sukmb447/raw.sequencing.data/c_elegans_micro_dyn_p2/E007402_56_S56_L001_R2_001.fastq.gz	A	E007402_56	7.19	NA	7	19	186	NA	NA	NA	NA	CeMbio(46)	bacterial lawn (NGM plate)
s052	/work_ifs/sukmb447/raw.sequencing.data/c_elegans_micro_dyn_p2/E007402_57_S57_L001_R1_001.fastq.gz	/work_ifs/sukmb447/raw.sequencing.data/c_elegans_micro_dyn_p2/E007402_57_S57_L001_R2_001.fastq.gz	A	E007402_57	mock -4_1	NA	NA	NA	NA	Mock community	NA	NA	NA	Zymo mock community	liquid culture
s053	/work_ifs/sukmb447/raw.sequencing.data/c_elegans_micro_dyn_p2/E007402_58_S58_L001_R1_001.fastq.gz	/work_ifs/sukmb447/raw.sequencing.data/c_elegans_micro_dyn_p2/E007402_58_S58_L001_R2_001.fastq.gz	A	E007402_58	4.08	NA	4	8	66	NA	NA	NA	NA	CeMbio(46)	bacterial lawn (NGM plate)
s054	/work_ifs/sukmb447/raw.sequencing.data/c_elegans_micro_dyn_p2/E007402_59_S59_L001_R1_001.fastq.gz	/work_ifs/sukmb447/raw.sequencing.data/c_elegans_micro_dyn_p2/E007402_59_S59_L001_R2_001.fastq.gz	A	E007402_59	4.13	NA	4	13	66	NA	NA	NA	4800000000	CeMbio(46)	bacterial lawn (NGM plate)
s055	/work_ifs/sukmb447/raw.sequencing.data/c_elegans_micro_dyn_p2/E007402_5_S5_L001_R1_001.fastq.gz	/work_ifs/sukmb447/raw.sequencing.data/c_elegans_micro_dyn_p2/E007402_5_S5_L001_R2_001.fastq.gz	A	E007402_5	5.10	NA	5	10	90	NA	NA	NA	NA	CeMbio(46)	bacterial lawn (NGM plate)
s056	/work_ifs/sukmb447/raw.sequencing.data/c_elegans_micro_dyn_p2/E007402_60_S60_L001_R1_001.fastq.gz	/work_ifs/sukmb447/raw.sequencing.data/c_elegans_micro_dyn_p2/E007402_60_S60_L001_R2_001.fastq.gz	A	E007402_60	5.18	NA	5	18	90	NA	NA	NA	NA	CeMbio(46)	bacterial lawn (NGM plate)
s057	/work_ifs/sukmb447/raw.sequencing.data/c_elegans_micro_dyn_p2/E007402_61_S61_L001_R1_001.fastq.gz	/work_ifs/sukmb447/raw.sequencing.data/c_elegans_micro_dyn_p2/E007402_61_S61_L001_R2_001.fastq.gz	A	E007402_61	3.02	NA	3	2	42	NA	NA	NA	61250000000	CeMbio(46)	bacterial lawn (NGM plate)
s058	/work_ifs/sukmb447/raw.sequencing.data/c_elegans_micro_dyn_p2/E007402_62_S62_L001_R1_001.fastq.gz	/work_ifs/sukmb447/raw.sequencing.data/c_elegans_micro_dyn_p2/E007402_62_S62_L001_R2_001.fastq.gz	A	E007402_62	1.3	NA	1	3	2	NA	NA	NA	NA	CeMbio(46)	bacterial lawn (NGM plate)
s059	/work_ifs/sukmb447/raw.sequencing.data/c_elegans_micro_dyn_p2/E007402_63_S63_L001_R1_001.fastq.gz	/work_ifs/sukmb447/raw.sequencing.data/c_elegans_micro_dyn_p2/E007402_63_S63_L001_R2_001.fastq.gz	A	E007402_63	2.01	NA	2	1	16	NA	NA	NA	NA	CeMbio(46)	bacterial lawn (NGM plate)
s060	/work_ifs/sukmb447/raw.sequencing.data/c_elegans_micro_dyn_p2/E007402_64_S64_L001_R1_001.fastq.gz	/work_ifs/sukmb447/raw.sequencing.data/c_elegans_micro_dyn_p2/E007402_64_S64_L001_R2_001.fastq.gz	A	E007402_64	2.07.W	DH26	2	7	16	C. elegans	7	L4	NA	host associated CeMbio(46)	C. elegans
s061	/work_ifs/sukmb447/raw.sequencing.data/c_elegans_micro_dyn_p2/E007402_65_S65_L001_R1_001.fastq.gz	/work_ifs/sukmb447/raw.sequencing.data/c_elegans_micro_dyn_p2/E007402_65_S65_L001_R2_001.fastq.gz	A	E007402_65	5.13.W	DH26	5	13	90	C. elegans	70	Ad3	NA	host associated CeMbio(46)	C. elegans
s062	/work_ifs/sukmb447/raw.sequencing.data/c_elegans_micro_dyn_p2/E007402_66_S66_L001_R1_001.fastq.gz	/work_ifs/sukmb447/raw.sequencing.data/c_elegans_micro_dyn_p2/E007402_66_S66_L001_R2_001.fastq.gz	A	E007402_66	2.18	NA	2	18	16	NA	NA	NA	NA	CeMbio(46)	bacterial lawn (NGM plate)
s063	/work_ifs/sukmb447/raw.sequencing.data/c_elegans_micro_dyn_p2/E007402_67_S67_L001_R1_001.fastq.gz	/work_ifs/sukmb447/raw.sequencing.data/c_elegans_micro_dyn_p2/E007402_67_S67_L001_R2_001.fastq.gz	A	E007402_67	3.12	NA	3	12	42	NA	NA	NA	NA	CeMbio(46)	bacterial lawn (NGM plate)
s064	/work_ifs/sukmb447/raw.sequencing.data/c_elegans_micro_dyn_p2/E007402_68_S68_L001_R1_001.fastq.gz	/work_ifs/sukmb447/raw.sequencing.data/c_elegans_micro_dyn_p2/E007402_68_S68_L001_R2_001.fastq.gz	A	E007402_68	7.20	NA	7	20	186	NA	NA	NA	NA	CeMbio(46)	bacterial lawn (NGM plate)
s065	/work_ifs/sukmb447/raw.sequencing.data/c_elegans_micro_dyn_p2/E007402_69_S69_L001_R1_001.fastq.gz	/work_ifs/sukmb447/raw.sequencing.data/c_elegans_micro_dyn_p2/E007402_69_S69_L001_R2_001.fastq.gz	A	E007402_69	mock -5_1	NA	NA	NA	NA	Mock community	NA	NA	NA	Zymo mock community	liquid culture
s066	/work_ifs/sukmb447/raw.sequencing.data/c_elegans_micro_dyn_p2/E007402_6_S6_L001_R1_001.fastq.gz	/work_ifs/sukmb447/raw.sequencing.data/c_elegans_micro_dyn_p2/E007402_6_S6_L001_R2_001.fastq.gz	A	E007402_6	2.15	NA	2	15	16	NA	NA	NA	NA	CeMbio(46)	bacterial lawn (NGM plate)
s067	/work_ifs/sukmb447/raw.sequencing.data/c_elegans_micro_dyn_p2/E007402_70_S70_L001_R1_001.fastq.gz	/work_ifs/sukmb447/raw.sequencing.data/c_elegans_micro_dyn_p2/E007402_70_S70_L001_R2_001.fastq.gz	A	E007402_70	4.09	NA	4	9	66	NA	NA	NA	NA	CeMbio(46)	bacterial lawn (NGM plate)
s068	/work_ifs/sukmb447/raw.sequencing.data/c_elegans_micro_dyn_p2/E007402_71_S71_L001_R1_001.fastq.gz	/work_ifs/sukmb447/raw.sequencing.data/c_elegans_micro_dyn_p2/E007402_71_S71_L001_R2_001.fastq.gz	A	E007402_71	4.14	NA	4	14	66	NA	NA	NA	NA	CeMbio(46)	bacterial lawn (NGM plate)
s069	/work_ifs/sukmb447/raw.sequencing.data/c_elegans_micro_dyn_p2/E007402_72_S72_L001_R1_001.fastq.gz	/work_ifs/sukmb447/raw.sequencing.data/c_elegans_micro_dyn_p2/E007402_72_S72_L001_R2_001.fastq.gz	A	E007402_72	5.18.W	DH26	5	18	90	C. elegans	20	Ad3	NA	host associated CeMbio(46)	C. elegans
s070	/work_ifs/sukmb447/raw.sequencing.data/c_elegans_micro_dyn_p2/E007402_73_S73_L001_R1_001.fastq.gz	/work_ifs/sukmb447/raw.sequencing.data/c_elegans_micro_dyn_p2/E007402_73_S73_L001_R2_001.fastq.gz	A	E007402_73	3.04	NA	3	4	42	NA	NA	NA	NA	CeMbio(46)	bacterial lawn (NGM plate)
s071	/work_ifs/sukmb447/raw.sequencing.data/c_elegans_micro_dyn_p2/E007402_74_S74_L001_R1_001.fastq.gz	/work_ifs/sukmb447/raw.sequencing.data/c_elegans_micro_dyn_p2/E007402_74_S74_L001_R2_001.fastq.gz	A	E007402_74	1.4	NA	1	4	2	NA	NA	NA	NA	CeMbio(46)	bacterial lawn (NGM plate)
s072	/work_ifs/sukmb447/raw.sequencing.data/c_elegans_micro_dyn_p2/E007402_75_S75_L001_R1_001.fastq.gz	/work_ifs/sukmb447/raw.sequencing.data/c_elegans_micro_dyn_p2/E007402_75_S75_L001_R2_001.fastq.gz	A	E007402_75	2.02	NA	2	2	16	NA	NA	NA	NA	CeMbio(46)	bacterial lawn (NGM plate)
s073	/work_ifs/sukmb447/raw.sequencing.data/c_elegans_micro_dyn_p2/E007402_76_S76_L001_R1_001.fastq.gz	/work_ifs/sukmb447/raw.sequencing.data/c_elegans_micro_dyn_p2/E007402_76_S76_L001_R2_001.fastq.gz	A	E007402_76	2.08	NA	2	8	16	NA	NA	NA	NA	CeMbio(46)	bacterial lawn (NGM plate)
s074	/work_ifs/sukmb447/raw.sequencing.data/c_elegans_micro_dyn_p2/E007402_77_S77_L001_R1_001.fastq.gz	/work_ifs/sukmb447/raw.sequencing.data/c_elegans_micro_dyn_p2/E007402_77_S77_L001_R2_001.fastq.gz	A	E007402_77	5.14	NA	5	14	90	NA	NA	NA	NA	CeMbio(46)	bacterial lawn (NGM plate)
s075	/work_ifs/sukmb447/raw.sequencing.data/c_elegans_micro_dyn_p2/E007402_78_S78_L001_R1_001.fastq.gz	/work_ifs/sukmb447/raw.sequencing.data/c_elegans_micro_dyn_p2/E007402_78_S78_L001_R2_001.fastq.gz	A	E007402_78	2.18.W	DH26	2	18	16	C. elegans	9	L4	NA	host associated CeMbio(46)	C. elegans
s076	/work_ifs/sukmb447/raw.sequencing.data/c_elegans_micro_dyn_p2/E007402_79_S79_L001_R1_001.fastq.gz	/work_ifs/sukmb447/raw.sequencing.data/c_elegans_micro_dyn_p2/E007402_79_S79_L001_R2_001.fastq.gz	A	E007402_79	3.12.W	DH26	3	12	42	C. elegans	70	L4/Ad1	NA	host associated CeMbio(46)	C. elegans
s077	/work_ifs/sukmb447/raw.sequencing.data/c_elegans_micro_dyn_p2/E007402_7_S7_L001_R1_001.fastq.gz	/work_ifs/sukmb447/raw.sequencing.data/c_elegans_micro_dyn_p2/E007402_7_S7_L001_R2_001.fastq.gz	A	E007402_7	3.06	NA	3	6	42	NA	NA	NA	101000000000	CeMbio(46)	bacterial lawn (NGM plate)
s078	/work_ifs/sukmb447/raw.sequencing.data/c_elegans_micro_dyn_p2/E007402_80_S80_L001_R1_001.fastq.gz	/work_ifs/sukmb447/raw.sequencing.data/c_elegans_micro_dyn_p2/E007402_80_S80_L001_R2_001.fastq.gz	A	E007402_80	7.21	NA	7	21	186	NA	NA	NA	NA	CeMbio(46)	bacterial lawn (NGM plate)
s079	/work_ifs/sukmb447/raw.sequencing.data/c_elegans_micro_dyn_p2/E007402_81_S81_L001_R1_001.fastq.gz	/work_ifs/sukmb447/raw.sequencing.data/c_elegans_micro_dyn_p2/E007402_81_S81_L001_R2_001.fastq.gz	A	E007402_81	mock -6_1	NA	NA	NA	NA	Mock community	NA	NA	NA	Zymo mock community	liquid culture
s080	/work_ifs/sukmb447/raw.sequencing.data/c_elegans_micro_dyn_p2/E007402_82_S82_L001_R1_001.fastq.gz	/work_ifs/sukmb447/raw.sequencing.data/c_elegans_micro_dyn_p2/E007402_82_S82_L001_R2_001.fastq.gz	A	E007402_82	4.09.W	DH26	4	9	66	C. elegans	100	Ad2	NA	host associated CeMbio(46)	C. elegans
s081	/work_ifs/sukmb447/raw.sequencing.data/c_elegans_micro_dyn_p2/E007402_83_S83_L001_R1_001.fastq.gz	/work_ifs/sukmb447/raw.sequencing.data/c_elegans_micro_dyn_p2/E007402_83_S83_L001_R2_001.fastq.gz	A	E007402_83	4.14.W	DH26	4	14	66	C. elegans	100	Ad2	5600	host associated CeMbio(46)	C. elegans
s082	/work_ifs/sukmb447/raw.sequencing.data/c_elegans_micro_dyn_p2/E007402_84_S84_L001_R1_001.fastq.gz	/work_ifs/sukmb447/raw.sequencing.data/c_elegans_micro_dyn_p2/E007402_84_S84_L001_R2_001.fastq.gz	A	E007402_84	5.19	NA	5	19	90	NA	NA	NA	NA	CeMbio(46)	bacterial lawn (NGM plate)
s083	/work_ifs/sukmb447/raw.sequencing.data/c_elegans_micro_dyn_p2/E007402_85_S85_L001_R1_001.fastq.gz	/work_ifs/sukmb447/raw.sequencing.data/c_elegans_micro_dyn_p2/E007402_85_S85_L001_R2_001.fastq.gz	A	E007402_85	3.05	NA	3	5	42	NA	NA	NA	NA	CeMbio(46)	bacterial lawn (NGM plate)
s084	/work_ifs/sukmb447/raw.sequencing.data/c_elegans_micro_dyn_p2/E007402_86_S86_L001_R1_001.fastq.gz	/work_ifs/sukmb447/raw.sequencing.data/c_elegans_micro_dyn_p2/E007402_86_S86_L001_R2_001.fastq.gz	A	E007402_86	1.5	NA	1	5	2	NA	NA	NA	NA	CeMbio(46)	bacterial lawn (NGM plate)
s085	/work_ifs/sukmb447/raw.sequencing.data/c_elegans_micro_dyn_p2/E007402_87_S87_L001_R1_001.fastq.gz	/work_ifs/sukmb447/raw.sequencing.data/c_elegans_micro_dyn_p2/E007402_87_S87_L001_R2_001.fastq.gz	A	E007402_87	2.03	NA	2	3	16	NA	NA	NA	NA	CeMbio(46)	bacterial lawn (NGM plate)
s086	/work_ifs/sukmb447/raw.sequencing.data/c_elegans_micro_dyn_p2/E007402_88_S88_L001_R1_001.fastq.gz	/work_ifs/sukmb447/raw.sequencing.data/c_elegans_micro_dyn_p2/E007402_88_S88_L001_R2_001.fastq.gz	A	E007402_88	2.09	NA	2	9	16	NA	NA	NA	NA	CeMbio(46)	bacterial lawn (NGM plate)
s087	/work_ifs/sukmb447/raw.sequencing.data/c_elegans_micro_dyn_p2/E007402_89_S89_L001_R1_001.fastq.gz	/work_ifs/sukmb447/raw.sequencing.data/c_elegans_micro_dyn_p2/E007402_89_S89_L001_R2_001.fastq.gz	A	E007402_89	5.15	NA	5	15	90	NA	NA	NA	NA	CeMbio(46)	bacterial lawn (NGM plate)
s088	/work_ifs/sukmb447/raw.sequencing.data/c_elegans_micro_dyn_p2/E007402_8_S8_L001_R1_001.fastq.gz	/work_ifs/sukmb447/raw.sequencing.data/c_elegans_micro_dyn_p2/E007402_8_S8_L001_R2_001.fastq.gz	A	E007402_8	3.15	NA	3	15	42	NA	NA	NA	1798000000000	CeMbio(46)	bacterial lawn (NGM plate)
s089	/work_ifs/sukmb447/raw.sequencing.data/c_elegans_micro_dyn_p2/E007402_90_S90_L001_R1_001.fastq.gz	/work_ifs/sukmb447/raw.sequencing.data/c_elegans_micro_dyn_p2/E007402_90_S90_L001_R2_001.fastq.gz	A	E007402_90	2.19	NA	2	19	16	NA	NA	NA	NA	CeMbio(46)	bacterial lawn (NGM plate)
s090	/work_ifs/sukmb447/raw.sequencing.data/c_elegans_micro_dyn_p2/E007402_91_S91_L001_R1_001.fastq.gz	/work_ifs/sukmb447/raw.sequencing.data/c_elegans_micro_dyn_p2/E007402_91_S91_L001_R2_001.fastq.gz	A	E007402_91	3.13	NA	3	13	42	NA	NA	NA	60000	CeMbio(46)	bacterial lawn (NGM plate)
s091	/work_ifs/sukmb447/raw.sequencing.data/c_elegans_micro_dyn_p2/E007402_92_S92_L001_R1_001.fastq.gz	/work_ifs/sukmb447/raw.sequencing.data/c_elegans_micro_dyn_p2/E007402_92_S92_L001_R2_001.fastq.gz	A	E007402_92	7.21.W	DH26	7	21	186	C. elegans	100	Ad7	NA	host associated CeMbio(46)	C. elegans
s092	/work_ifs/sukmb447/raw.sequencing.data/c_elegans_micro_dyn_p2/E007402_93_S93_L001_R1_001.fastq.gz	/work_ifs/sukmb447/raw.sequencing.data/c_elegans_micro_dyn_p2/E007402_93_S93_L001_R2_001.fastq.gz	A	E007402_93	mock -7_1	NA	NA	NA	NA	Mock community	NA	NA	NA	Zymo mock community	liquid culture
s093	/work_ifs/sukmb447/raw.sequencing.data/c_elegans_micro_dyn_p2/E007402_94_S94_L001_R1_001.fastq.gz	/work_ifs/sukmb447/raw.sequencing.data/c_elegans_micro_dyn_p2/E007402_94_S94_L001_R2_001.fastq.gz	A	E007402_94	4.10	NA	4	10	66	NA	NA	NA	19000000000	CeMbio(46)	bacterial lawn (NGM plate)
s094	/work_ifs/sukmb447/raw.sequencing.data/c_elegans_micro_dyn_p2/E007402_95_S95_L001_R1_001.fastq.gz	/work_ifs/sukmb447/raw.sequencing.data/c_elegans_micro_dyn_p2/E007402_95_S95_L001_R2_001.fastq.gz	A	E007402_95	4.15	NA	4	15	66	NA	NA	NA	NA	CeMbio(46)	bacterial lawn (NGM plate)
s095	/work_ifs/sukmb447/raw.sequencing.data/c_elegans_micro_dyn_p2/E007402_96_S239_L001_R1_001.fastq.gz	/work_ifs/sukmb447/raw.sequencing.data/c_elegans_micro_dyn_p2/E007402_96_S239_L001_R2_001.fastq.gz	A	E007402_96	Mock_1	NA	NA	NA	NA	Mock community	NA	NA	NA	Zymo mock community	liquid culture
s096	/work_ifs/sukmb447/raw.sequencing.data/c_elegans_micro_dyn_p2/E007402_9_S9_L001_R1_001.fastq.gz	/work_ifs/sukmb447/raw.sequencing.data/c_elegans_micro_dyn_p2/E007402_9_S9_L001_R2_001.fastq.gz	A	E007402_9	mock 1_1	NA	NA	NA	NA	Mock community	NA	NA	NA	Zymo mock community	liquid culture
s097	/work_ifs/sukmb447/raw.sequencing.data/c_elegans_micro_dyn_p2/E007403_10_S105_L001_R1_001.fastq.gz	/work_ifs/sukmb447/raw.sequencing.data/c_elegans_micro_dyn_p2/E007403_10_S105_L001_R2_001.fastq.gz	A	E007403_10	6.11.W	DH26	6	11	138	C. elegans	100	Ad5	15200000	host associated CeMbio(46)	C. elegans
s098	/work_ifs/sukmb447/raw.sequencing.data/c_elegans_micro_dyn_p2/E007403_11_S106_L001_R1_001.fastq.gz	/work_ifs/sukmb447/raw.sequencing.data/c_elegans_micro_dyn_p2/E007403_11_S106_L001_R2_001.fastq.gz	A	E007403_11	6.21	NA	6	21	138	NA	NA	NA	NA	CeMbio(46)	bacterial lawn (NGM plate)
s099	/work_ifs/sukmb447/raw.sequencing.data/c_elegans_micro_dyn_p2/E007403_12_S107_L001_R1_001.fastq.gz	/work_ifs/sukmb447/raw.sequencing.data/c_elegans_micro_dyn_p2/E007403_12_S107_L001_R2_001.fastq.gz	A	E007403_12	7.03	NA	7	3	186	NA	NA	NA	NA	CeMbio(46)	bacterial lawn (NGM plate)
s100	/work_ifs/sukmb447/raw.sequencing.data/c_elegans_micro_dyn_p2/E007403_13_S108_L001_R1_001.fastq.gz	/work_ifs/sukmb447/raw.sequencing.data/c_elegans_micro_dyn_p2/E007403_13_S108_L001_R2_001.fastq.gz	A	E007403_13	4.20.W	DH26	4	20	66	C. elegans	30	Ad2	NA	host associated CeMbio(46)	C. elegans
s101	/work_ifs/sukmb447/raw.sequencing.data/c_elegans_micro_dyn_p2/E007403_14_S109_L001_R1_001.fastq.gz	/work_ifs/sukmb447/raw.sequencing.data/c_elegans_micro_dyn_p2/E007403_14_S109_L001_R2_001.fastq.gz	A	E007403_14	mock -1_2	NA	NA	NA	NA	Mock community	NA	NA	NA	Zymo mock community	liquid culture
s102	/work_ifs/sukmb447/raw.sequencing.data/c_elegans_micro_dyn_p2/E007403_15_S110_L001_R1_001.fastq.gz	/work_ifs/sukmb447/raw.sequencing.data/c_elegans_micro_dyn_p2/E007403_15_S110_L001_R2_001.fastq.gz	A	E007403_15	5.05	NA	5	5	90	NA	NA	NA	NA	CeMbio(46)	bacterial lawn (NGM plate)
s103	/work_ifs/sukmb447/raw.sequencing.data/c_elegans_micro_dyn_p2/E007403_16_S111_L001_R1_001.fastq.gz	/work_ifs/sukmb447/raw.sequencing.data/c_elegans_micro_dyn_p2/E007403_16_S111_L001_R2_001.fastq.gz	A	E007403_16	2.10.W	DH26	2	10	16	C. elegans	20	L4	NA	host associated CeMbio(46)	C. elegans
s104	/work_ifs/sukmb447/raw.sequencing.data/c_elegans_micro_dyn_p2/E007403_17_S112_L001_R1_001.fastq.gz	/work_ifs/sukmb447/raw.sequencing.data/c_elegans_micro_dyn_p2/E007403_17_S112_L001_R2_001.fastq.gz	A	E007403_17	3.18.W	DH26	3	18	42	C. elegans	70	L4/Ad1	NA	host associated CeMbio(46)	C. elegans
s105	/work_ifs/sukmb447/raw.sequencing.data/c_elegans_micro_dyn_p2/E007403_18_S113_L001_R1_001.fastq.gz	/work_ifs/sukmb447/raw.sequencing.data/c_elegans_micro_dyn_p2/E007403_18_S113_L001_R2_001.fastq.gz	A	E007403_18	3.27	NA	3	27	42	NA	NA	NA	NA	CeMbio(46)	bacterial lawn (NGM plate)
s106	/work_ifs/sukmb447/raw.sequencing.data/c_elegans_micro_dyn_p2/E007403_19_S114_L001_R1_001.fastq.gz	/work_ifs/sukmb447/raw.sequencing.data/c_elegans_micro_dyn_p2/E007403_19_S114_L001_R2_001.fastq.gz	A	E007403_19	4.01	NA	4	1	66	NA	NA	NA	NA	CeMbio(46)	bacterial lawn (NGM plate)
s107	/work_ifs/sukmb447/raw.sequencing.data/c_elegans_micro_dyn_p2/E007403_1_S96_L001_R1_001.fastq.gz	/work_ifs/sukmb447/raw.sequencing.data/c_elegans_micro_dyn_p2/E007403_1_S96_L001_R2_001.fastq.gz	A	E007403_1	4.20	NA	4	20	66	NA	NA	NA	2533333333.33333	CeMbio(46)	bacterial lawn (NGM plate)
s108	/work_ifs/sukmb447/raw.sequencing.data/c_elegans_micro_dyn_p2/E007403_20_S115_L001_R1_001.fastq.gz	/work_ifs/sukmb447/raw.sequencing.data/c_elegans_micro_dyn_p2/E007403_20_S115_L001_R2_001.fastq.gz	A	E007403_20	5.21	NA	5	21	90	NA	NA	NA	NA	CeMbio(46)	bacterial lawn (NGM plate)
s109	/work_ifs/sukmb447/raw.sequencing.data/c_elegans_micro_dyn_p2/E007403_21_S116_L001_R1_001.fastq.gz	/work_ifs/sukmb447/raw.sequencing.data/c_elegans_micro_dyn_p2/E007403_21_S116_L001_R2_001.fastq.gz	A	E007403_21	6.07	NA	6	7	138	NA	NA	NA	NA	CeMbio(46)	bacterial lawn (NGM plate)
s110	/work_ifs/sukmb447/raw.sequencing.data/c_elegans_micro_dyn_p2/E007403_22_S117_L001_R1_001.fastq.gz	/work_ifs/sukmb447/raw.sequencing.data/c_elegans_micro_dyn_p2/E007403_22_S117_L001_R2_001.fastq.gz	A	E007403_22	6.13	NA	6	13	138	NA	NA	NA	1920000000	CeMbio(46)	bacterial lawn (NGM plate)
s111	/work_ifs/sukmb447/raw.sequencing.data/c_elegans_micro_dyn_p2/E007403_23_S118_L001_R1_001.fastq.gz	/work_ifs/sukmb447/raw.sequencing.data/c_elegans_micro_dyn_p2/E007403_23_S118_L001_R2_001.fastq.gz	A	E007403_23	6.22	NA	6	22	138	NA	NA	NA	12466666666.6667	CeMbio(46)	bacterial lawn (NGM plate)
s112	/work_ifs/sukmb447/raw.sequencing.data/c_elegans_micro_dyn_p2/E007403_24_S119_L001_R1_001.fastq.gz	/work_ifs/sukmb447/raw.sequencing.data/c_elegans_micro_dyn_p2/E007403_24_S119_L001_R2_001.fastq.gz	A	E007403_24	7.03.W	DH26	7	3	186	C. elegans	20	Ad7	NA	host associated CeMbio(46)	C. elegans
s113	/work_ifs/sukmb447/raw.sequencing.data/c_elegans_micro_dyn_p2/E007403_25_S120_L001_R1_001.fastq.gz	/work_ifs/sukmb447/raw.sequencing.data/c_elegans_micro_dyn_p2/E007403_25_S120_L001_R2_001.fastq.gz	A	E007403_25	4.21	NA	4	21	66	NA	NA	NA	NA	CeMbio(46)	bacterial lawn (NGM plate)
s114	/work_ifs/sukmb447/raw.sequencing.data/c_elegans_micro_dyn_p2/E007403_26_S121_L001_R1_001.fastq.gz	/work_ifs/sukmb447/raw.sequencing.data/c_elegans_micro_dyn_p2/E007403_26_S121_L001_R2_001.fastq.gz	A	E007403_26	mock -2_2	NA	NA	NA	NA	Mock community	NA	NA	NA	Zymo mock community	liquid culture
s115	/work_ifs/sukmb447/raw.sequencing.data/c_elegans_micro_dyn_p2/E007403_27_S122_L001_R1_001.fastq.gz	/work_ifs/sukmb447/raw.sequencing.data/c_elegans_micro_dyn_p2/E007403_27_S122_L001_R2_001.fastq.gz	A	E007403_27	5.05.W	DH26	5	5	90	C. elegans	70	Ad3	NA	host associated CeMbio(46)	C. elegans
s116	/work_ifs/sukmb447/raw.sequencing.data/c_elegans_micro_dyn_p2/E007403_28_S123_L001_R1_001.fastq.gz	/work_ifs/sukmb447/raw.sequencing.data/c_elegans_micro_dyn_p2/E007403_28_S123_L001_R2_001.fastq.gz	A	E007403_28	2.11	NA	2	11	16	NA	NA	NA	NA	CeMbio(46)	bacterial lawn (NGM plate)
s117	/work_ifs/sukmb447/raw.sequencing.data/c_elegans_micro_dyn_p2/E007403_29_S124_L001_R1_001.fastq.gz	/work_ifs/sukmb447/raw.sequencing.data/c_elegans_micro_dyn_p2/E007403_29_S124_L001_R2_001.fastq.gz	A	E007403_29	3.22	NA	3	22	42	NA	NA	NA	NA	CeMbio(46)	bacterial lawn (NGM plate)
s118	/work_ifs/sukmb447/raw.sequencing.data/c_elegans_micro_dyn_p2/E007403_2_S97_L001_R1_001.fastq.gz	/work_ifs/sukmb447/raw.sequencing.data/c_elegans_micro_dyn_p2/E007403_2_S97_L001_R2_001.fastq.gz	A	E007403_2	mock 1_2	NA	NA	NA	NA	Mock community	NA	NA	NA	Zymo mock community	liquid culture
s119	/work_ifs/sukmb447/raw.sequencing.data/c_elegans_micro_dyn_p2/E007403_30_S125_L001_R1_001.fastq.gz	/work_ifs/sukmb447/raw.sequencing.data/c_elegans_micro_dyn_p2/E007403_30_S125_L001_R2_001.fastq.gz	A	E007403_30	3.28	NA	3	28	42	NA	NA	NA	NA	CeMbio(46)	bacterial lawn (NGM plate)
s120	/work_ifs/sukmb447/raw.sequencing.data/c_elegans_micro_dyn_p2/E007403_31_S126_L001_R1_001.fastq.gz	/work_ifs/sukmb447/raw.sequencing.data/c_elegans_micro_dyn_p2/E007403_31_S126_L001_R2_001.fastq.gz	A	E007403_31	4.02	NA	4	2	66	NA	NA	NA	18933333333.3333	CeMbio(46)	bacterial lawn (NGM plate)
s121	/work_ifs/sukmb447/raw.sequencing.data/c_elegans_micro_dyn_p2/E007403_32_S127_L001_R1_001.fastq.gz	/work_ifs/sukmb447/raw.sequencing.data/c_elegans_micro_dyn_p2/E007403_32_S127_L001_R2_001.fastq.gz	A	E007403_32	NTC_2_1	NA	NA	NA	NA	NA	NA	NA	NA	non template control	NA
s122	/work_ifs/sukmb447/raw.sequencing.data/c_elegans_micro_dyn_p2/E007403_33_S128_L001_R1_001.fastq.gz	/work_ifs/sukmb447/raw.sequencing.data/c_elegans_micro_dyn_p2/E007403_33_S128_L001_R2_001.fastq.gz	A	E007403_33	6.07.W	DH26	6	7	138	C. elegans	20	Ad5	0	host associated CeMbio(46)	C. elegans
s123	/work_ifs/sukmb447/raw.sequencing.data/c_elegans_micro_dyn_p2/E007403_34_S129_L001_R1_001.fastq.gz	/work_ifs/sukmb447/raw.sequencing.data/c_elegans_micro_dyn_p2/E007403_34_S129_L001_R2_001.fastq.gz	A	E007403_34	6.14	NA	6	14	138	NA	NA	NA	6466666666.66667	CeMbio(46)	bacterial lawn (NGM plate)
s124	/work_ifs/sukmb447/raw.sequencing.data/c_elegans_micro_dyn_p2/E007403_35_S130_L001_R1_001.fastq.gz	/work_ifs/sukmb447/raw.sequencing.data/c_elegans_micro_dyn_p2/E007403_35_S130_L001_R2_001.fastq.gz	A	E007403_35	6.23	NA	6	23	138	NA	NA	NA	0	CeMbio(46)	bacterial lawn (NGM plate)
s125	/work_ifs/sukmb447/raw.sequencing.data/c_elegans_micro_dyn_p2/E007403_36_S131_L001_R1_001.fastq.gz	/work_ifs/sukmb447/raw.sequencing.data/c_elegans_micro_dyn_p2/E007403_36_S131_L001_R2_001.fastq.gz	A	E007403_36	7.04	NA	7	4	186	NA	NA	NA	NA	CeMbio(46)	bacterial lawn (NGM plate)
s126	/work_ifs/sukmb447/raw.sequencing.data/c_elegans_micro_dyn_p2/E007403_37_S132_L001_R1_001.fastq.gz	/work_ifs/sukmb447/raw.sequencing.data/c_elegans_micro_dyn_p2/E007403_37_S132_L001_R2_001.fastq.gz	A	E007403_37	5.01	NA	5	1	90	NA	NA	NA	NA	CeMbio(46)	bacterial lawn (NGM plate)
s127	/work_ifs/sukmb447/raw.sequencing.data/c_elegans_micro_dyn_p2/E007403_38_S133_L001_R1_001.fastq.gz	/work_ifs/sukmb447/raw.sequencing.data/c_elegans_micro_dyn_p2/E007403_38_S133_L001_R2_001.fastq.gz	A	E007403_38	mock -3_2	NA	NA	NA	NA	Mock community	NA	NA	NA	Zymo mock community	liquid culture
s128	/work_ifs/sukmb447/raw.sequencing.data/c_elegans_micro_dyn_p2/E007403_39_S134_L001_R1_001.fastq.gz	/work_ifs/sukmb447/raw.sequencing.data/c_elegans_micro_dyn_p2/E007403_39_S134_L001_R2_001.fastq.gz	A	E007403_39	5.06	NA	5	6	90	NA	NA	NA	NA	CeMbio(46)	bacterial lawn (NGM plate)
s129	/work_ifs/sukmb447/raw.sequencing.data/c_elegans_micro_dyn_p2/E007403_3_S98_L001_R1_001.fastq.gz	/work_ifs/sukmb447/raw.sequencing.data/c_elegans_micro_dyn_p2/E007403_3_S98_L001_R2_001.fastq.gz	A	E007403_3	5.04	NA	5	4	90	NA	NA	NA	NA	CeMbio(46)	bacterial lawn (NGM plate)
s130	/work_ifs/sukmb447/raw.sequencing.data/c_elegans_micro_dyn_p2/E007403_40_S135_L001_R1_001.fastq.gz	/work_ifs/sukmb447/raw.sequencing.data/c_elegans_micro_dyn_p2/E007403_40_S135_L001_R2_001.fastq.gz	A	E007403_40	2.12	NA	2	12	16	NA	NA	NA	NA	CeMbio(46)	bacterial lawn (NGM plate)
s131	/work_ifs/sukmb447/raw.sequencing.data/c_elegans_micro_dyn_p2/E007403_41_S136_L001_R1_001.fastq.gz	/work_ifs/sukmb447/raw.sequencing.data/c_elegans_micro_dyn_p2/E007403_41_S136_L001_R2_001.fastq.gz	A	E007403_41	3.23	NA	3	23	42	NA	NA	NA	NA	CeMbio(46)	bacterial lawn (NGM plate)
s132	/work_ifs/sukmb447/raw.sequencing.data/c_elegans_micro_dyn_p2/E007403_42_S137_L001_R1_001.fastq.gz	/work_ifs/sukmb447/raw.sequencing.data/c_elegans_micro_dyn_p2/E007403_42_S137_L001_R2_001.fastq.gz	A	E007403_42	3.28.W	DH26	3	28	42	C. elegans	70	L4/Ad1	NA	host associated CeMbio(46)	C. elegans
s133	/work_ifs/sukmb447/raw.sequencing.data/c_elegans_micro_dyn_p2/E007403_43_S138_L001_R1_001.fastq.gz	/work_ifs/sukmb447/raw.sequencing.data/c_elegans_micro_dyn_p2/E007403_43_S138_L001_R2_001.fastq.gz	A	E007403_43	4.03	NA	4	3	66	NA	NA	NA	24400000000	CeMbio(46)	bacterial lawn (NGM plate)
s134	/work_ifs/sukmb447/raw.sequencing.data/c_elegans_micro_dyn_p2/E007403_44_S139_L001_R1_001.fastq.gz	/work_ifs/sukmb447/raw.sequencing.data/c_elegans_micro_dyn_p2/E007403_44_S139_L001_R2_001.fastq.gz	A	E007403_44	6.01	NA	6	1	138	NA	NA	NA	6866666666.66667	CeMbio(46)	bacterial lawn (NGM plate)
s135	/work_ifs/sukmb447/raw.sequencing.data/c_elegans_micro_dyn_p2/E007403_45_S140_L001_R1_001.fastq.gz	/work_ifs/sukmb447/raw.sequencing.data/c_elegans_micro_dyn_p2/E007403_45_S140_L001_R2_001.fastq.gz	A	E007403_45	6.08	NA	6	8	138	NA	NA	NA	2866666666.66667	CeMbio(46)	bacterial lawn (NGM plate)
s136	/work_ifs/sukmb447/raw.sequencing.data/c_elegans_micro_dyn_p2/E007403_46_S141_L001_R1_001.fastq.gz	/work_ifs/sukmb447/raw.sequencing.data/c_elegans_micro_dyn_p2/E007403_46_S141_L001_R2_001.fastq.gz	A	E007403_46	6.14.W	DH26	6	14	138	C. elegans	20	Ad5	9200000	host associated CeMbio(46)	C. elegans
s137	/work_ifs/sukmb447/raw.sequencing.data/c_elegans_micro_dyn_p2/E007403_47_S142_L001_R1_001.fastq.gz	/work_ifs/sukmb447/raw.sequencing.data/c_elegans_micro_dyn_p2/E007403_47_S142_L001_R2_001.fastq.gz	A	E007403_47	6.25	NA	6	25	138	NA	NA	NA	72133333333.3333	CeMbio(46)	bacterial lawn (NGM plate)
s138	/work_ifs/sukmb447/raw.sequencing.data/c_elegans_micro_dyn_p2/E007403_48_S143_L001_R1_001.fastq.gz	/work_ifs/sukmb447/raw.sequencing.data/c_elegans_micro_dyn_p2/E007403_48_S143_L001_R2_001.fastq.gz	A	E007403_48	7.05	NA	7	5	186	NA	NA	NA	NA	CeMbio(46)	bacterial lawn (NGM plate)
s139	/work_ifs/sukmb447/raw.sequencing.data/c_elegans_micro_dyn_p2/E007403_49_S144_L001_R1_001.fastq.gz	/work_ifs/sukmb447/raw.sequencing.data/c_elegans_micro_dyn_p2/E007403_49_S144_L001_R2_001.fastq.gz	A	E007403_49	5.02	NA	5	2	90	NA	NA	NA	NA	CeMbio(46)	bacterial lawn (NGM plate)
s140	/work_ifs/sukmb447/raw.sequencing.data/c_elegans_micro_dyn_p2/E007403_4_S99_L001_R1_001.fastq.gz	/work_ifs/sukmb447/raw.sequencing.data/c_elegans_micro_dyn_p2/E007403_4_S99_L001_R2_001.fastq.gz	A	E007403_4	2.10	NA	2	10	16	NA	NA	NA	NA	CeMbio(46)	bacterial lawn (NGM plate)
s141	/work_ifs/sukmb447/raw.sequencing.data/c_elegans_micro_dyn_p2/E007403_50_S145_L001_R1_001.fastq.gz	/work_ifs/sukmb447/raw.sequencing.data/c_elegans_micro_dyn_p2/E007403_50_S145_L001_R2_001.fastq.gz	A	E007403_50	mock -4_2	NA	NA	NA	NA	Mock community	NA	NA	NA	Zymo mock community	liquid culture
s142	/work_ifs/sukmb447/raw.sequencing.data/c_elegans_micro_dyn_p2/E007403_51_S146_L001_R1_001.fastq.gz	/work_ifs/sukmb447/raw.sequencing.data/c_elegans_micro_dyn_p2/E007403_51_S146_L001_R2_001.fastq.gz	A	E007403_51	5.07	NA	5	7	90	NA	NA	NA	NA	CeMbio(46)	bacterial lawn (NGM plate)
s143	/work_ifs/sukmb447/raw.sequencing.data/c_elegans_micro_dyn_p2/E007403_52_S147_L001_R1_001.fastq.gz	/work_ifs/sukmb447/raw.sequencing.data/c_elegans_micro_dyn_p2/E007403_52_S147_L001_R2_001.fastq.gz	A	E007403_52	2.12.W	DH26	2	12	16	C. elegans	20	L4	NA	host associated CeMbio(46)	C. elegans
s144	/work_ifs/sukmb447/raw.sequencing.data/c_elegans_micro_dyn_p2/E007403_53_S148_L001_R1_001.fastq.gz	/work_ifs/sukmb447/raw.sequencing.data/c_elegans_micro_dyn_p2/E007403_53_S148_L001_R2_001.fastq.gz	A	E007403_53	3.24	NA	3	24	42	NA	NA	NA	33750000000	CeMbio(46)	bacterial lawn (NGM plate)
s145	/work_ifs/sukmb447/raw.sequencing.data/c_elegans_micro_dyn_p2/E007403_54_S149_L001_R1_001.fastq.gz	/work_ifs/sukmb447/raw.sequencing.data/c_elegans_micro_dyn_p2/E007403_54_S149_L001_R2_001.fastq.gz	A	E007403_54	3.29	NA	3	29	42	NA	NA	NA	16666666666.6667	CeMbio(46)	bacterial lawn (NGM plate)
s146	/work_ifs/sukmb447/raw.sequencing.data/c_elegans_micro_dyn_p2/E007403_55_S150_L001_R1_001.fastq.gz	/work_ifs/sukmb447/raw.sequencing.data/c_elegans_micro_dyn_p2/E007403_55_S150_L001_R2_001.fastq.gz	A	E007403_55	4.04	NA	4	4	66	NA	NA	NA	10000000000	CeMbio(46)	bacterial lawn (NGM plate)
s147	/work_ifs/sukmb447/raw.sequencing.data/c_elegans_micro_dyn_p2/E007403_56_S151_L001_R1_001.fastq.gz	/work_ifs/sukmb447/raw.sequencing.data/c_elegans_micro_dyn_p2/E007403_56_S151_L001_R2_001.fastq.gz	A	E007403_56	6.01.W	DH26	6	1	138	C. elegans	20	Ad5	0	host associated CeMbio(46)	C. elegans
s148	/work_ifs/sukmb447/raw.sequencing.data/c_elegans_micro_dyn_p2/E007403_57_S152_L001_R1_001.fastq.gz	/work_ifs/sukmb447/raw.sequencing.data/c_elegans_micro_dyn_p2/E007403_57_S152_L001_R2_001.fastq.gz	A	E007403_57	6.09	NA	6	9	138	NA	NA	NA	NA	CeMbio(46)	bacterial lawn (NGM plate)
s149	/work_ifs/sukmb447/raw.sequencing.data/c_elegans_micro_dyn_p2/E007403_58_S153_L001_R1_001.fastq.gz	/work_ifs/sukmb447/raw.sequencing.data/c_elegans_micro_dyn_p2/E007403_58_S153_L001_R2_001.fastq.gz	A	E007403_58	6.17	NA	6	17	138	NA	NA	NA	11266666666.6667	CeMbio(46)	bacterial lawn (NGM plate)
s150	/work_ifs/sukmb447/raw.sequencing.data/c_elegans_micro_dyn_p2/E007403_59_S154_L001_R1_001.fastq.gz	/work_ifs/sukmb447/raw.sequencing.data/c_elegans_micro_dyn_p2/E007403_59_S154_L001_R2_001.fastq.gz	A	E007403_59	6.25.W	DH26	6	25	138	C. elegans	100	Ad5	6000000	host associated CeMbio(46)	C. elegans
s151	/work_ifs/sukmb447/raw.sequencing.data/c_elegans_micro_dyn_p2/E007403_5_S100_L001_R1_001.fastq.gz	/work_ifs/sukmb447/raw.sequencing.data/c_elegans_micro_dyn_p2/E007403_5_S100_L001_R2_001.fastq.gz	A	E007403_5	3.18	NA	3	18	42	NA	NA	NA	450000000000	CeMbio(46)	bacterial lawn (NGM plate)
s152	/work_ifs/sukmb447/raw.sequencing.data/c_elegans_micro_dyn_p2/E007403_60_S155_L001_R1_001.fastq.gz	/work_ifs/sukmb447/raw.sequencing.data/c_elegans_micro_dyn_p2/E007403_60_S155_L001_R2_001.fastq.gz	A	E007403_60	7.05.W	DH26	7	5	186	C. elegans	100	Ad7	NA	host associated CeMbio(46)	C. elegans
s153	/work_ifs/sukmb447/raw.sequencing.data/c_elegans_micro_dyn_p2/E007403_61_S156_L001_R1_001.fastq.gz	/work_ifs/sukmb447/raw.sequencing.data/c_elegans_micro_dyn_p2/E007403_61_S156_L001_R2_001.fastq.gz	A	E007403_61	5.02.W	DH26	5	2	90	C. elegans	70	Ad3	NA	host associated CeMbio(46)	C. elegans
s154	/work_ifs/sukmb447/raw.sequencing.data/c_elegans_micro_dyn_p2/E007403_62_S157_L001_R1_001.fastq.gz	/work_ifs/sukmb447/raw.sequencing.data/c_elegans_micro_dyn_p2/E007403_62_S157_L001_R2_001.fastq.gz	A	E007403_62	mock -5_2	NA	NA	NA	NA	Mock community	NA	NA	NA	Zymo mock community	liquid culture
s155	/work_ifs/sukmb447/raw.sequencing.data/c_elegans_micro_dyn_p2/E007403_63_S158_L001_R1_001.fastq.gz	/work_ifs/sukmb447/raw.sequencing.data/c_elegans_micro_dyn_p2/E007403_63_S158_L001_R2_001.fastq.gz	A	E007403_63	5.08	NA	5	8	90	NA	NA	NA	NA	CeMbio(46)	bacterial lawn (NGM plate)
s156	/work_ifs/sukmb447/raw.sequencing.data/c_elegans_micro_dyn_p2/E007403_64_S159_L001_R1_001.fastq.gz	/work_ifs/sukmb447/raw.sequencing.data/c_elegans_micro_dyn_p2/E007403_64_S159_L001_R2_001.fastq.gz	A	E007403_64	2.13	NA	2	13	16	NA	NA	NA	NA	CeMbio(46)	bacterial lawn (NGM plate)
s157	/work_ifs/sukmb447/raw.sequencing.data/c_elegans_micro_dyn_p2/E007403_65_S160_L001_R1_001.fastq.gz	/work_ifs/sukmb447/raw.sequencing.data/c_elegans_micro_dyn_p2/E007403_65_S160_L001_R2_001.fastq.gz	A	E007403_65	3.25	NA	3	25	42	NA	NA	NA	NA	CeMbio(46)	bacterial lawn (NGM plate)
s158	/work_ifs/sukmb447/raw.sequencing.data/c_elegans_micro_dyn_p2/E007403_66_S161_L001_R1_001.fastq.gz	/work_ifs/sukmb447/raw.sequencing.data/c_elegans_micro_dyn_p2/E007403_66_S161_L001_R2_001.fastq.gz	A	E007403_66	3.30	NA	3	30	42	NA	NA	NA	NA	CeMbio(46)	bacterial lawn (NGM plate)
s159	/work_ifs/sukmb447/raw.sequencing.data/c_elegans_micro_dyn_p2/E007403_67_S162_L001_R1_001.fastq.gz	/work_ifs/sukmb447/raw.sequencing.data/c_elegans_micro_dyn_p2/E007403_67_S162_L001_R2_001.fastq.gz	A	E007403_67	4.05	NA	4	5	66	NA	NA	NA	16933333333.3333	CeMbio(46)	bacterial lawn (NGM plate)
s160	/work_ifs/sukmb447/raw.sequencing.data/c_elegans_micro_dyn_p2/E007403_68_S163_L001_R1_001.fastq.gz	/work_ifs/sukmb447/raw.sequencing.data/c_elegans_micro_dyn_p2/E007403_68_S163_L001_R2_001.fastq.gz	A	E007403_68	6.03	NA	6	3	138	NA	NA	NA	5666666666.66667	CeMbio(46)	bacterial lawn (NGM plate)
s161	/work_ifs/sukmb447/raw.sequencing.data/c_elegans_micro_dyn_p2/E007403_69_S164_L001_R1_001.fastq.gz	/work_ifs/sukmb447/raw.sequencing.data/c_elegans_micro_dyn_p2/E007403_69_S164_L001_R2_001.fastq.gz	A	E007403_69	6.10	NA	6	10	138	NA	NA	NA	16000000000	CeMbio(46)	bacterial lawn (NGM plate)
s162	/work_ifs/sukmb447/raw.sequencing.data/c_elegans_micro_dyn_p2/E007403_6_S101_L001_R1_001.fastq.gz	/work_ifs/sukmb447/raw.sequencing.data/c_elegans_micro_dyn_p2/E007403_6_S101_L001_R2_001.fastq.gz	A	E007403_6	3.26.W	DH26	3	26	42	C. elegans	70	L4/Ad1	NA	host associated CeMbio(46)	C. elegans
s163	/work_ifs/sukmb447/raw.sequencing.data/c_elegans_micro_dyn_p2/E007403_70_S165_L001_R1_001.fastq.gz	/work_ifs/sukmb447/raw.sequencing.data/c_elegans_micro_dyn_p2/E007403_70_S165_L001_R2_001.fastq.gz	A	E007403_70	6.17.W	DH26	6	17	138	C. elegans	100	Ad5	4200000	host associated CeMbio(46)	C. elegans
s164	/work_ifs/sukmb447/raw.sequencing.data/c_elegans_micro_dyn_p2/E007403_71_S166_L001_R1_001.fastq.gz	/work_ifs/sukmb447/raw.sequencing.data/c_elegans_micro_dyn_p2/E007403_71_S166_L001_R2_001.fastq.gz	A	E007403_71	7.01	NA	7	1	186	NA	NA	NA	NA	CeMbio(46)	bacterial lawn (NGM plate)
s165	/work_ifs/sukmb447/raw.sequencing.data/c_elegans_micro_dyn_p2/E007403_72_S240_L001_R1_001.fastq.gz	/work_ifs/sukmb447/raw.sequencing.data/c_elegans_micro_dyn_p2/E007403_72_S240_L001_R2_001.fastq.gz	A	E007403_72	Mock_2	NA	NA	NA	NA	Mock community	NA	NA	NA	Zymo mock community	liquid culture
s166	/work_ifs/sukmb447/raw.sequencing.data/c_elegans_micro_dyn_p2/E007403_73_S167_L001_R1_001.fastq.gz	/work_ifs/sukmb447/raw.sequencing.data/c_elegans_micro_dyn_p2/E007403_73_S167_L001_R2_001.fastq.gz	A	E007403_73	5.03	NA	5	3	90	NA	NA	NA	NA	CeMbio(46)	bacterial lawn (NGM plate)
s167	/work_ifs/sukmb447/raw.sequencing.data/c_elegans_micro_dyn_p2/E007403_74_S168_L001_R1_001.fastq.gz	/work_ifs/sukmb447/raw.sequencing.data/c_elegans_micro_dyn_p2/E007403_74_S168_L001_R2_001.fastq.gz	A	E007403_74	mock -6_2	NA	NA	NA	NA	Mock community	NA	NA	NA	Zymo mock community	liquid culture
s168	/work_ifs/sukmb447/raw.sequencing.data/c_elegans_micro_dyn_p2/E007403_75_S169_L001_R1_001.fastq.gz	/work_ifs/sukmb447/raw.sequencing.data/c_elegans_micro_dyn_p2/E007403_75_S169_L001_R2_001.fastq.gz	A	E007403_75	5.09	NA	5	9	90	NA	NA	NA	NA	CeMbio(46)	bacterial lawn (NGM plate)
s169	/work_ifs/sukmb447/raw.sequencing.data/c_elegans_micro_dyn_p2/E007403_76_S170_L001_R1_001.fastq.gz	/work_ifs/sukmb447/raw.sequencing.data/c_elegans_micro_dyn_p2/E007403_76_S170_L001_R2_001.fastq.gz	A	E007403_76	2.14	NA	2	14	16	NA	NA	NA	NA	CeMbio(46)	bacterial lawn (NGM plate)
s170	/work_ifs/sukmb447/raw.sequencing.data/c_elegans_micro_dyn_p2/E007403_77_S171_L001_R1_001.fastq.gz	/work_ifs/sukmb447/raw.sequencing.data/c_elegans_micro_dyn_p2/E007403_77_S171_L001_R2_001.fastq.gz	A	E007403_77	3.25.W	DH26	3	25	42	C. elegans	70	L4/Ad1	NA	host associated CeMbio(46)	C. elegans
s171	/work_ifs/sukmb447/raw.sequencing.data/c_elegans_micro_dyn_p2/E007403_78_S172_L001_R1_001.fastq.gz	/work_ifs/sukmb447/raw.sequencing.data/c_elegans_micro_dyn_p2/E007403_78_S172_L001_R2_001.fastq.gz	A	E007403_78	3.30.W	DH26	3	30	42	C. elegans	70	L4/Ad1	NA	host associated CeMbio(46)	C. elegans
s172	/work_ifs/sukmb447/raw.sequencing.data/c_elegans_micro_dyn_p2/E007403_79_S173_L001_R1_001.fastq.gz	/work_ifs/sukmb447/raw.sequencing.data/c_elegans_micro_dyn_p2/E007403_79_S173_L001_R2_001.fastq.gz	A	E007403_79	4.05.W	DH26	4	5	66	C. elegans	100	Ad2	7744000	host associated CeMbio(46)	C. elegans
s173	/work_ifs/sukmb447/raw.sequencing.data/c_elegans_micro_dyn_p2/E007403_7_S102_L001_R1_001.fastq.gz	/work_ifs/sukmb447/raw.sequencing.data/c_elegans_micro_dyn_p2/E007403_7_S102_L001_R2_001.fastq.gz	A	E007403_7	3.31.W	DH26	3	31	42	C. elegans	70	L4/Ad1	NA	host associated CeMbio(46)	C. elegans
s174	/work_ifs/sukmb447/raw.sequencing.data/c_elegans_micro_dyn_p2/E007403_80_S174_L001_R1_001.fastq.gz	/work_ifs/sukmb447/raw.sequencing.data/c_elegans_micro_dyn_p2/E007403_80_S174_L001_R2_001.fastq.gz	A	E007403_80	6.03.W	DH26	6	3	138	C. elegans	100	Ad5	3220000	host associated CeMbio(46)	C. elegans
s175	/work_ifs/sukmb447/raw.sequencing.data/c_elegans_micro_dyn_p2/E007403_81_S175_L001_R1_001.fastq.gz	/work_ifs/sukmb447/raw.sequencing.data/c_elegans_micro_dyn_p2/E007403_81_S175_L001_R2_001.fastq.gz	A	E007403_81	6.10.W	DH26	6	10	138	C. elegans	100	Ad5	6520000	host associated CeMbio(46)	C. elegans
s176	/work_ifs/sukmb447/raw.sequencing.data/c_elegans_micro_dyn_p2/E007403_82_S176_L001_R1_001.fastq.gz	/work_ifs/sukmb447/raw.sequencing.data/c_elegans_micro_dyn_p2/E007403_82_S176_L001_R2_001.fastq.gz	A	E007403_82	6.18	NA	6	18	138	NA	NA	NA	NA	CeMbio(46)	bacterial lawn (NGM plate)
s177	/work_ifs/sukmb447/raw.sequencing.data/c_elegans_micro_dyn_p2/E007403_83_S177_L001_R1_001.fastq.gz	/work_ifs/sukmb447/raw.sequencing.data/c_elegans_micro_dyn_p2/E007403_83_S177_L001_R2_001.fastq.gz	A	E007403_83	7.01.W	DH26	7	1	186	C. elegans	100	Ad7	NA	host associated CeMbio(46)	C. elegans
s178	/work_ifs/sukmb447/raw.sequencing.data/c_elegans_micro_dyn_p2/E007403_84_S178_L001_R1_001.fastq.gz	/work_ifs/sukmb447/raw.sequencing.data/c_elegans_micro_dyn_p2/E007403_84_S178_L001_R2_001.fastq.gz	A	E007403_84	7.07	NA	7	7	186	NA	NA	NA	NA	CeMbio(46)	bacterial lawn (NGM plate)
s179	/work_ifs/sukmb447/raw.sequencing.data/c_elegans_micro_dyn_p2/E007403_85_S179_L001_R1_001.fastq.gz	/work_ifs/sukmb447/raw.sequencing.data/c_elegans_micro_dyn_p2/E007403_85_S179_L001_R2_001.fastq.gz	A	E007403_85	5.03.W	DH26	5	3	90	C. elegans	20	Ad3	NA	host associated CeMbio(46)	C. elegans
s180	/work_ifs/sukmb447/raw.sequencing.data/c_elegans_micro_dyn_p2/E007403_86_S180_L001_R1_001.fastq.gz	/work_ifs/sukmb447/raw.sequencing.data/c_elegans_micro_dyn_p2/E007403_86_S180_L001_R2_001.fastq.gz	A	E007403_86	mock -7_2	NA	NA	NA	NA	Mock community	NA	NA	NA	Zymo mock community	liquid culture
s181	/work_ifs/sukmb447/raw.sequencing.data/c_elegans_micro_dyn_p2/E007403_87_S181_L001_R1_001.fastq.gz	/work_ifs/sukmb447/raw.sequencing.data/c_elegans_micro_dyn_p2/E007403_87_S181_L001_R2_001.fastq.gz	A	E007403_87	5.09.W	DH26	5	9	90	C. elegans	70	Ad3	NA	host associated CeMbio(46)	C. elegans
s182	/work_ifs/sukmb447/raw.sequencing.data/c_elegans_micro_dyn_p2/E007403_88_S182_L001_R1_001.fastq.gz	/work_ifs/sukmb447/raw.sequencing.data/c_elegans_micro_dyn_p2/E007403_88_S182_L001_R2_001.fastq.gz	A	E007403_88	2.14.W	DH26	2	14	16	C. elegans	15	L4	NA	host associated CeMbio(46)	C. elegans
s183	/work_ifs/sukmb447/raw.sequencing.data/c_elegans_micro_dyn_p2/E007403_89_S183_L001_R1_001.fastq.gz	/work_ifs/sukmb447/raw.sequencing.data/c_elegans_micro_dyn_p2/E007403_89_S183_L001_R2_001.fastq.gz	A	E007403_89	3.26	NA	3	26	42	NA	NA	NA	1468750000000	CeMbio(46)	bacterial lawn (NGM plate)
s184	/work_ifs/sukmb447/raw.sequencing.data/c_elegans_micro_dyn_p2/E007403_8_S103_L001_R1_001.fastq.gz	/work_ifs/sukmb447/raw.sequencing.data/c_elegans_micro_dyn_p2/E007403_8_S103_L001_R2_001.fastq.gz	A	E007403_8	5.20	NA	5	20	90	NA	NA	NA	NA	CeMbio(46)	bacterial lawn (NGM plate)
s185	/work_ifs/sukmb447/raw.sequencing.data/c_elegans_micro_dyn_p2/E007403_90_S184_L001_R1_001.fastq.gz	/work_ifs/sukmb447/raw.sequencing.data/c_elegans_micro_dyn_p2/E007403_90_S184_L001_R2_001.fastq.gz	A	E007403_90	3.31	NA	3	31	42	NA	NA	NA	NA	CeMbio(46)	bacterial lawn (NGM plate)
s186	/work_ifs/sukmb447/raw.sequencing.data/c_elegans_micro_dyn_p2/E007403_91_S185_L001_R1_001.fastq.gz	/work_ifs/sukmb447/raw.sequencing.data/c_elegans_micro_dyn_p2/E007403_91_S185_L001_R2_001.fastq.gz	A	E007403_91	NTC_2_2	NA	NA	NA	NA	NA	NA	NA	NA	non template control	NA
s187	/work_ifs/sukmb447/raw.sequencing.data/c_elegans_micro_dyn_p2/E007403_92_S186_L001_R1_001.fastq.gz	/work_ifs/sukmb447/raw.sequencing.data/c_elegans_micro_dyn_p2/E007403_92_S186_L001_R2_001.fastq.gz	A	E007403_92	6.04	NA	6	4	138	NA	NA	NA	4400000000	CeMbio(46)	bacterial lawn (NGM plate)
s188	/work_ifs/sukmb447/raw.sequencing.data/c_elegans_micro_dyn_p2/E007403_93_S187_L001_R1_001.fastq.gz	/work_ifs/sukmb447/raw.sequencing.data/c_elegans_micro_dyn_p2/E007403_93_S187_L001_R2_001.fastq.gz	A	E007403_93	6.11	NA	6	11	138	NA	NA	NA	NA	CeMbio(46)	bacterial lawn (NGM plate)
s189	/work_ifs/sukmb447/raw.sequencing.data/c_elegans_micro_dyn_p2/E007403_94_S188_L001_R1_001.fastq.gz	/work_ifs/sukmb447/raw.sequencing.data/c_elegans_micro_dyn_p2/E007403_94_S188_L001_R2_001.fastq.gz	A	E007403_94	6.18.W	DH26	6	18	138	C. elegans	100	Ad5	3800000	host associated CeMbio(46)	C. elegans
s190	/work_ifs/sukmb447/raw.sequencing.data/c_elegans_micro_dyn_p2/E007403_95_S189_L001_R1_001.fastq.gz	/work_ifs/sukmb447/raw.sequencing.data/c_elegans_micro_dyn_p2/E007403_95_S189_L001_R2_001.fastq.gz	A	E007403_95	7.02	NA	7	2	186	NA	NA	NA	NA	CeMbio(46)	bacterial lawn (NGM plate)
s191	/work_ifs/sukmb447/raw.sequencing.data/c_elegans_micro_dyn_p2/E007403_96_S190_L001_R1_001.fastq.gz	/work_ifs/sukmb447/raw.sequencing.data/c_elegans_micro_dyn_p2/E007403_96_S190_L001_R2_001.fastq.gz	A	E007403_96	7.07.W	DH26	7	7	186	C. elegans	100	Ad7	NA	host associated CeMbio(46)	C. elegans
s192	/work_ifs/sukmb447/raw.sequencing.data/c_elegans_micro_dyn_p2/E007403_9_S104_L001_R1_001.fastq.gz	/work_ifs/sukmb447/raw.sequencing.data/c_elegans_micro_dyn_p2/E007403_9_S104_L001_R2_001.fastq.gz	A	E007403_9	6.06	NA	6	6	138	NA	NA	NA	NA	CeMbio(46)	bacterial lawn (NGM plate)
s193	/work_ifs/sukmb447/raw.sequencing.data/c_elegans_micro_dyn_p2/E007404_10_S200_L001_R1_001.fastq.gz	/work_ifs/sukmb447/raw.sequencing.data/c_elegans_micro_dyn_p2/E007404_10_S200_L001_R2_001.fastq.gz	A	E007404_10	7.16.W	DH26	7	16	186	C. elegans	100	Ad7	NA	host associated CeMbio(46)	C. elegans
s194	/work_ifs/sukmb447/raw.sequencing.data/c_elegans_micro_dyn_p2/E007404_11_S201_L001_R1_001.fastq.gz	/work_ifs/sukmb447/raw.sequencing.data/c_elegans_micro_dyn_p2/E007404_11_S201_L001_R2_001.fastq.gz	A	E007404_11	mock -4_3	NA	NA	NA	NA	Mock community	NA	NA	NA	Zymo mock community	liquid culture
s195	/work_ifs/sukmb447/raw.sequencing.data/c_elegans_micro_dyn_p2/E007404_12_S202_L001_R1_001.fastq.gz	/work_ifs/sukmb447/raw.sequencing.data/c_elegans_micro_dyn_p2/E007404_12_S202_L001_R2_001.fastq.gz	A	E007404_12	7.06	NA	7	6	186	NA	NA	NA	NA	CeMbio(46)	bacterial lawn (NGM plate)
s196	/work_ifs/sukmb447/raw.sequencing.data/c_elegans_micro_dyn_p2/E007404_13_S203_L001_R1_001.fastq.gz	/work_ifs/sukmb447/raw.sequencing.data/c_elegans_micro_dyn_p2/E007404_13_S203_L001_R2_001.fastq.gz	A	E007404_13	4.16	NA	4	16	66	NA	NA	NA	NA	CeMbio(46)	bacterial lawn (NGM plate)
s197	/work_ifs/sukmb447/raw.sequencing.data/c_elegans_micro_dyn_p2/E007404_14_S204_L001_R1_001.fastq.gz	/work_ifs/sukmb447/raw.sequencing.data/c_elegans_micro_dyn_p2/E007404_14_S204_L001_R2_001.fastq.gz	A	E007404_14	6.30	NA	6	30	138	NA	NA	NA	7400000000	CeMbio(46)	bacterial lawn (NGM plate)
s198	/work_ifs/sukmb447/raw.sequencing.data/c_elegans_micro_dyn_p2/E007404_15_S205_L001_R1_001.fastq.gz	/work_ifs/sukmb447/raw.sequencing.data/c_elegans_micro_dyn_p2/E007404_15_S205_L001_R2_001.fastq.gz	A	E007404_15	7.12	NA	7	12	186	NA	NA	NA	NA	CeMbio(46)	bacterial lawn (NGM plate)
s199	/work_ifs/sukmb447/raw.sequencing.data/c_elegans_micro_dyn_p2/E007404_16_S206_L001_R1_001.fastq.gz	/work_ifs/sukmb447/raw.sequencing.data/c_elegans_micro_dyn_p2/E007404_16_S206_L001_R2_001.fastq.gz	A	E007404_16	7.17	NA	7	17	186	NA	NA	NA	NA	CeMbio(46)	bacterial lawn (NGM plate)
s200	/work_ifs/sukmb447/raw.sequencing.data/c_elegans_micro_dyn_p2/E007404_17_S207_L001_R1_001.fastq.gz	/work_ifs/sukmb447/raw.sequencing.data/c_elegans_micro_dyn_p2/E007404_17_S207_L001_R2_001.fastq.gz	A	E007404_17	mock -5_3	NA	NA	NA	NA	Mock community	NA	NA	NA	Zymo mock community	liquid culture
s201	/work_ifs/sukmb447/raw.sequencing.data/c_elegans_micro_dyn_p2/E007404_18_S208_L001_R1_001.fastq.gz	/work_ifs/sukmb447/raw.sequencing.data/c_elegans_micro_dyn_p2/E007404_18_S208_L001_R2_001.fastq.gz	A	E007404_18	4.16.W	DH26	4	16	66	C. elegans	100	Ad2	1800000	host associated CeMbio(46)	C. elegans
s202	/work_ifs/sukmb447/raw.sequencing.data/c_elegans_micro_dyn_p2/E007404_19_S209_L001_R1_001.fastq.gz	/work_ifs/sukmb447/raw.sequencing.data/c_elegans_micro_dyn_p2/E007404_19_S209_L001_R2_001.fastq.gz	A	E007404_19	6.31	NA	6	31	138	NA	NA	NA	21800000000	CeMbio(46)	bacterial lawn (NGM plate)
s203	/work_ifs/sukmb447/raw.sequencing.data/c_elegans_micro_dyn_p2/E007404_1_S191_L001_R1_001.fastq.gz	/work_ifs/sukmb447/raw.sequencing.data/c_elegans_micro_dyn_p2/E007404_1_S191_L001_R2_001.fastq.gz	A	E007404_1	NTC_3_1	NA	NA	NA	NA	NA	NA	NA	NA	non template control	NA
s204	/work_ifs/sukmb447/raw.sequencing.data/c_elegans_micro_dyn_p2/E007404_20_S210_L001_R1_001.fastq.gz	/work_ifs/sukmb447/raw.sequencing.data/c_elegans_micro_dyn_p2/E007404_20_S210_L001_R2_001.fastq.gz	A	E007404_20	7.13	NA	7	13	186	NA	NA	NA	NA	CeMbio(46)	bacterial lawn (NGM plate)
s205	/work_ifs/sukmb447/raw.sequencing.data/c_elegans_micro_dyn_p2/E007404_21_S211_L001_R1_001.fastq.gz	/work_ifs/sukmb447/raw.sequencing.data/c_elegans_micro_dyn_p2/E007404_21_S211_L001_R2_001.fastq.gz	A	E007404_21	7.18	NA	7	18	186	NA	NA	NA	NA	CeMbio(46)	bacterial lawn (NGM plate)
s206	/work_ifs/sukmb447/raw.sequencing.data/c_elegans_micro_dyn_p2/E007404_22_S212_L001_R1_001.fastq.gz	/work_ifs/sukmb447/raw.sequencing.data/c_elegans_micro_dyn_p2/E007404_22_S212_L001_R2_001.fastq.gz	A	E007404_22	mock -6_3	NA	NA	NA	NA	Mock community	NA	NA	NA	Zymo mock community	liquid culture
s207	/work_ifs/sukmb447/raw.sequencing.data/c_elegans_micro_dyn_p2/E007404_23_S213_L001_R1_001.fastq.gz	/work_ifs/sukmb447/raw.sequencing.data/c_elegans_micro_dyn_p2/E007404_23_S213_L001_R2_001.fastq.gz	A	E007404_23	4.17	NA	4	17	66	NA	NA	NA	NA	CeMbio(46)	bacterial lawn (NGM plate)
s208	/work_ifs/sukmb447/raw.sequencing.data/c_elegans_micro_dyn_p2/E007404_24_S214_L001_R1_001.fastq.gz	/work_ifs/sukmb447/raw.sequencing.data/c_elegans_micro_dyn_p2/E007404_24_S214_L001_R2_001.fastq.gz	A	E007404_24	6.31.W	DH26	6	31	138	C. elegans	100	Ad5	9200000	host associated CeMbio(46)	C. elegans
s209	/work_ifs/sukmb447/raw.sequencing.data/c_elegans_micro_dyn_p2/E007404_25_S215_L001_R1_001.fastq.gz	/work_ifs/sukmb447/raw.sequencing.data/c_elegans_micro_dyn_p2/E007404_25_S215_L001_R2_001.fastq.gz	A	E007404_25	4.17.W	DH26	4	17	66	C. elegans	100	Ad2	3760000	host associated CeMbio(46)	C. elegans
s210	/work_ifs/sukmb447/raw.sequencing.data/c_elegans_micro_dyn_p2/E007404_26_S216_L001_R1_001.fastq.gz	/work_ifs/sukmb447/raw.sequencing.data/c_elegans_micro_dyn_p2/E007404_26_S216_L001_R2_001.fastq.gz	A	E007404_26	7.08	NA	7	8	186	NA	NA	NA	NA	CeMbio(46)	bacterial lawn (NGM plate)
s211	/work_ifs/sukmb447/raw.sequencing.data/c_elegans_micro_dyn_p2/E007404_27_S217_L001_R1_001.fastq.gz	/work_ifs/sukmb447/raw.sequencing.data/c_elegans_micro_dyn_p2/E007404_27_S217_L001_R2_001.fastq.gz	A	E007404_27	7.14	NA	7	14	186	NA	NA	NA	NA	CeMbio(46)	bacterial lawn (NGM plate)
s212	/work_ifs/sukmb447/raw.sequencing.data/c_elegans_micro_dyn_p2/E007404_28_S218_L001_R1_001.fastq.gz	/work_ifs/sukmb447/raw.sequencing.data/c_elegans_micro_dyn_p2/E007404_28_S218_L001_R2_001.fastq.gz	A	E007404_28	mock 1_3	NA	NA	NA	NA	Mock community	NA	NA	NA	Zymo mock community	liquid culture
s213	/work_ifs/sukmb447/raw.sequencing.data/c_elegans_micro_dyn_p2/E007404_29_S219_L001_R1_001.fastq.gz	/work_ifs/sukmb447/raw.sequencing.data/c_elegans_micro_dyn_p2/E007404_29_S219_L001_R2_001.fastq.gz	A	E007404_29	6.5	NA	6	5	138	NA	NA	NA	NA	CeMbio(46)	bacterial lawn (NGM plate)
s214	/work_ifs/sukmb447/raw.sequencing.data/c_elegans_micro_dyn_p2/E007404_2_S192_L001_R1_001.fastq.gz	/work_ifs/sukmb447/raw.sequencing.data/c_elegans_micro_dyn_p2/E007404_2_S192_L001_R2_001.fastq.gz	A	E007404_2	6.27	NA	6	27	138	NA	NA	NA	14533333333.3333	CeMbio(46)	bacterial lawn (NGM plate)
s215	/work_ifs/sukmb447/raw.sequencing.data/c_elegans_micro_dyn_p2/E007404_30_S220_L001_R1_001.fastq.gz	/work_ifs/sukmb447/raw.sequencing.data/c_elegans_micro_dyn_p2/E007404_30_S220_L001_R2_001.fastq.gz	A	E007404_30	7.13.W	DH26	7	13	186	C. elegans	100	Ad7	NA	host associated CeMbio(46)	C. elegans
s216	/work_ifs/sukmb447/raw.sequencing.data/c_elegans_micro_dyn_p2/E007404_31_S221_L001_R1_001.fastq.gz	/work_ifs/sukmb447/raw.sequencing.data/c_elegans_micro_dyn_p2/E007404_31_S221_L001_R2_001.fastq.gz	A	E007404_31	7.18.W	DH26	7	18	186	C. elegans	100	Ad7	NA	host associated CeMbio(46)	C. elegans
s217	/work_ifs/sukmb447/raw.sequencing.data/c_elegans_micro_dyn_p2/E007404_32_S222_L001_R1_001.fastq.gz	/work_ifs/sukmb447/raw.sequencing.data/c_elegans_micro_dyn_p2/E007404_32_S222_L001_R2_001.fastq.gz	A	E007404_32	mock -7_3	NA	NA	NA	NA	Mock community	NA	NA	NA	Zymo mock community	liquid culture
s218	/work_ifs/sukmb447/raw.sequencing.data/c_elegans_micro_dyn_p2/E007404_33_S223_L001_R1_001.fastq.gz	/work_ifs/sukmb447/raw.sequencing.data/c_elegans_micro_dyn_p2/E007404_33_S223_L001_R2_001.fastq.gz	A	E007404_33	4.18	NA	4	18	66	NA	NA	NA	5666666666.66667	CeMbio(46)	bacterial lawn (NGM plate)
s219	/work_ifs/sukmb447/raw.sequencing.data/c_elegans_micro_dyn_p2/E007404_34_S224_L001_R1_001.fastq.gz	/work_ifs/sukmb447/raw.sequencing.data/c_elegans_micro_dyn_p2/E007404_34_S224_L001_R2_001.fastq.gz	A	E007404_34	7.08.W	DH26	7	8	186	C. elegans	100	Ad7	NA	host associated CeMbio(46)	C. elegans
s220	/work_ifs/sukmb447/raw.sequencing.data/c_elegans_micro_dyn_p2/E007404_35_S225_L001_R1_001.fastq.gz	/work_ifs/sukmb447/raw.sequencing.data/c_elegans_micro_dyn_p2/E007404_35_S225_L001_R2_001.fastq.gz	A	E007404_35	4.19	NA	4	19	66	NA	NA	NA	NA	CeMbio(46)	bacterial lawn (NGM plate)
s221	/work_ifs/sukmb447/raw.sequencing.data/c_elegans_micro_dyn_p2/E007404_36_S226_L001_R1_001.fastq.gz	/work_ifs/sukmb447/raw.sequencing.data/c_elegans_micro_dyn_p2/E007404_36_S226_L001_R2_001.fastq.gz	A	E007404_36	7.09	NA	7	9	186	NA	NA	NA	NA	CeMbio(46)	bacterial lawn (NGM plate)
s222	/work_ifs/sukmb447/raw.sequencing.data/c_elegans_micro_dyn_p2/E007404_37_S227_L001_R1_001.fastq.gz	/work_ifs/sukmb447/raw.sequencing.data/c_elegans_micro_dyn_p2/E007404_37_S227_L001_R2_001.fastq.gz	A	E007404_37	mock -1_3	NA	NA	NA	NA	Mock community	NA	NA	NA	Zymo mock community	liquid culture
s223	/work_ifs/sukmb447/raw.sequencing.data/c_elegans_micro_dyn_p2/E007404_38_S228_L001_R1_001.fastq.gz	/work_ifs/sukmb447/raw.sequencing.data/c_elegans_micro_dyn_p2/E007404_38_S228_L001_R2_001.fastq.gz	A	E007404_38	mock -2_3	NA	NA	NA	NA	Mock community	NA	NA	NA	Zymo mock community	liquid culture
s224	/work_ifs/sukmb447/raw.sequencing.data/c_elegans_micro_dyn_p2/E007404_39_S229_L001_R1_001.fastq.gz	/work_ifs/sukmb447/raw.sequencing.data/c_elegans_micro_dyn_p2/E007404_39_S229_L001_R2_001.fastq.gz	A	E007404_39	6.16	NA	6	16	138	NA	NA	NA	NA	CeMbio(46)	bacterial lawn (NGM plate)
s225	/work_ifs/sukmb447/raw.sequencing.data/c_elegans_micro_dyn_p2/E007404_3_S193_L001_R1_001.fastq.gz	/work_ifs/sukmb447/raw.sequencing.data/c_elegans_micro_dyn_p2/E007404_3_S193_L001_R2_001.fastq.gz	A	E007404_3	7.10	NA	7	10	186	NA	NA	NA	NA	CeMbio(46)	bacterial lawn (NGM plate)
s226	/work_ifs/sukmb447/raw.sequencing.data/c_elegans_micro_dyn_p2/E007404_40_S230_L001_R1_001.fastq.gz	/work_ifs/sukmb447/raw.sequencing.data/c_elegans_micro_dyn_p2/E007404_40_S230_L001_R2_001.fastq.gz	A	E007404_40	6.2	NA	6	2	138	NA	NA	NA	NA	CeMbio(46)	bacterial lawn (NGM plate)
s227	/work_ifs/sukmb447/raw.sequencing.data/c_elegans_micro_dyn_p2/E007404_41_S231_L001_R1_001.fastq.gz	/work_ifs/sukmb447/raw.sequencing.data/c_elegans_micro_dyn_p2/E007404_41_S231_L001_R2_001.fastq.gz	A	E007404_41	7.14.W2	DH26	7	14	186	C. elegans	100	Ad7	NA	host associated CeMbio(46)	C. elegans
s228	/work_ifs/sukmb447/raw.sequencing.data/c_elegans_micro_dyn_p2/E007404_42_S232_L001_R1_001.fastq.gz	/work_ifs/sukmb447/raw.sequencing.data/c_elegans_micro_dyn_p2/E007404_42_S232_L001_R2_001.fastq.gz	A	E007404_42	7.15.2	NA	7	15	186	NA	NA	NA	NA	CeMbio(46)	bacterial lawn (NGM plate)
s229	/work_ifs/sukmb447/raw.sequencing.data/c_elegans_micro_dyn_p2/E007404_43_S233_L001_R1_001.fastq.gz	/work_ifs/sukmb447/raw.sequencing.data/c_elegans_micro_dyn_p2/E007404_43_S233_L001_R2_001.fastq.gz	A	E007404_43	7.07.W2	DH26	7	7	186	C. elegans	100	Ad7	NA	host associated CeMbio(46)	C. elegans
s230	/work_ifs/sukmb447/raw.sequencing.data/c_elegans_micro_dyn_p2/E007404_44_S234_L001_R1_001.fastq.gz	/work_ifs/sukmb447/raw.sequencing.data/c_elegans_micro_dyn_p2/E007404_44_S234_L001_R2_001.fastq.gz	A	E007404_44	5.12.W2	DH26	5	12	90	C. elegans	70	Ad3	NA	host associated CeMbio(46)	C. elegans
s231	/work_ifs/sukmb447/raw.sequencing.data/c_elegans_micro_dyn_p2/E007404_45_S235_L001_R1_001.fastq.gz	/work_ifs/sukmb447/raw.sequencing.data/c_elegans_micro_dyn_p2/E007404_45_S235_L001_R2_001.fastq.gz	A	E007404_45	5.13.W2	DH26	5	13	90	C. elegans	70	Ad3	NA	host associated CeMbio(46)	C. elegans
s232	/work_ifs/sukmb447/raw.sequencing.data/c_elegans_micro_dyn_p2/E007404_46_S236_L001_R1_001.fastq.gz	/work_ifs/sukmb447/raw.sequencing.data/c_elegans_micro_dyn_p2/E007404_46_S236_L001_R2_001.fastq.gz	A	E007404_46	5.13.2	NA	5	13	90	NA	NA	NA	NA	CeMbio(46)	bacterial lawn (NGM plate)
s233	/work_ifs/sukmb447/raw.sequencing.data/c_elegans_micro_dyn_p2/E007404_47_S237_L001_R1_001.fastq.gz	/work_ifs/sukmb447/raw.sequencing.data/c_elegans_micro_dyn_p2/E007404_47_S237_L001_R2_001.fastq.gz	A	E007404_47	5.14.2	NA	5	14	90	NA	NA	NA	NA	CeMbio(46)	bacterial lawn (NGM plate)
s234	/work_ifs/sukmb447/raw.sequencing.data/c_elegans_micro_dyn_p2/E007404_48_S238_L001_R1_001.fastq.gz	/work_ifs/sukmb447/raw.sequencing.data/c_elegans_micro_dyn_p2/E007404_48_S238_L001_R2_001.fastq.gz	A	E007404_48	2.15.2	NA	2	15	16	NA	NA	NA	NA	CeMbio(46)	bacterial lawn (NGM plate)
s235	/work_ifs/sukmb447/raw.sequencing.data/c_elegans_micro_dyn_p2/E007404_49_S241_L001_R1_001.fastq.gz	/work_ifs/sukmb447/raw.sequencing.data/c_elegans_micro_dyn_p2/E007404_49_S241_L001_R2_001.fastq.gz	A	E007404_49	Mock_3	NA	NA	NA	NA	Mock community	NA	NA	NA	Zymo mock community	liquid culture
s236	/work_ifs/sukmb447/raw.sequencing.data/c_elegans_micro_dyn_p2/E007404_4_S194_L001_R1_001.fastq.gz	/work_ifs/sukmb447/raw.sequencing.data/c_elegans_micro_dyn_p2/E007404_4_S194_L001_R2_001.fastq.gz	A	E007404_4	7.16	NA	7	16	186	NA	NA	NA	NA	CeMbio(46)	bacterial lawn (NGM plate)
s237	/work_ifs/sukmb447/raw.sequencing.data/c_elegans_micro_dyn_p2/E007404_5_S195_L001_R1_001.fastq.gz	/work_ifs/sukmb447/raw.sequencing.data/c_elegans_micro_dyn_p2/E007404_5_S195_L001_R2_001.fastq.gz	A	E007404_5	mock -3_3	NA	NA	NA	NA	Mock community	NA	NA	NA	Zymo mock community	liquid culture
s238	/work_ifs/sukmb447/raw.sequencing.data/c_elegans_micro_dyn_p2/E007404_6_S196_L001_R1_001.fastq.gz	/work_ifs/sukmb447/raw.sequencing.data/c_elegans_micro_dyn_p2/E007404_6_S196_L001_R2_001.fastq.gz	A	E007404_6	5.19.W	DH26	5	19	90	C. elegans	70	Ad3	NA	host associated CeMbio(46)	C. elegans
s239	/work_ifs/sukmb447/raw.sequencing.data/c_elegans_micro_dyn_p2/E007404_7_S197_L001_R1_001.fastq.gz	/work_ifs/sukmb447/raw.sequencing.data/c_elegans_micro_dyn_p2/E007404_7_S197_L001_R2_001.fastq.gz	A	E007404_7	NTC_3_2	NA	NA	NA	NA	NA	NA	NA	NA	non template control	NA
s240	/work_ifs/sukmb447/raw.sequencing.data/c_elegans_micro_dyn_p2/E007404_8_S198_L001_R1_001.fastq.gz	/work_ifs/sukmb447/raw.sequencing.data/c_elegans_micro_dyn_p2/E007404_8_S198_L001_R2_001.fastq.gz	A	E007404_8	6.29	NA	6	29	138	NA	NA	NA	6600000000	CeMbio(46)	bacterial lawn (NGM plate)
s241	/work_ifs/sukmb447/raw.sequencing.data/c_elegans_micro_dyn_p2/E007404_9_S199_L001_R1_001.fastq.gz	/work_ifs/sukmb447/raw.sequencing.data/c_elegans_micro_dyn_p2/E007404_9_S199_L001_R2_001.fastq.gz	A	E007404_9	7.11	NA	7	11	186	NA	NA	NA	NA	CeMbio(46)	bacterial lawn (NGM plate)
